label,label_id,points,type,confidence,frame_id
Male,0.0,"[703, 511, 808, 597]",rectangle,0.47750014,0
Male,0.0,"[1838, 751, 1916, 814]",rectangle,0.40625542,23
Male,0.0,"[1845, 716, 1920, 814]",rectangle,0.4134469,25
Male,0.0,"[1853, 705, 1919, 812]",rectangle,0.5334027,26
Male,0.0,"[1855, 706, 1919, 811]",rectangle,0.54105043,27
Male,0.0,"[1854, 710, 1920, 811]",rectangle,0.5304161,28
Male,0.0,"[1855, 709, 1920, 812]",rectangle,0.52211976,29
Male,0.0,"[1856, 709, 1920, 811]",rectangle,0.5340888,30
Male,0.0,"[1854, 709, 1920, 811]",rectangle,0.5253938,31
Male,0.0,"[1856, 709, 1920, 810]",rectangle,0.52729666,32
Male,0.0,"[1856, 709, 1920, 810]",rectangle,0.527838,33
Male,0.0,"[1855, 710, 1920, 811]",rectangle,0.53401357,34
Male,0.0,"[1856, 710, 1920, 811]",rectangle,0.53846526,35
Male,0.0,"[1855, 709, 1920, 810]",rectangle,0.5405686,36
Male,0.0,"[1855, 709, 1920, 811]",rectangle,0.53181505,37
Male,0.0,"[1856, 709, 1920, 811]",rectangle,0.5286773,38
Male,0.0,"[1856, 710, 1920, 811]",rectangle,0.5252222,39
Male,0.0,"[1857, 711, 1920, 812]",rectangle,0.5318128,40
Male,0.0,"[1860, 713, 1920, 815]",rectangle,0.5547786,41
Male,0.0,"[1839, 722, 1920, 815]",rectangle,0.37546855,42
Male,0.0,"[1506, 330, 1599, 391]",rectangle,0.5742018,58
Male,0.0,"[1497, 336, 1577, 387]",rectangle,0.49953175,59
Female,1.0,"[1496, 336, 1575, 388]",rectangle,0.34030426,59
Male,0.0,"[1498, 343, 1567, 393]",rectangle,0.6263486,60
Male,0.0,"[1504, 344, 1567, 392]",rectangle,0.6538636,61
Male,0.0,"[1508, 340, 1572, 389]",rectangle,0.70721644,62
Male,0.0,"[1510, 337, 1578, 387]",rectangle,0.693118,63
Male,0.0,"[1510, 339, 1577, 386]",rectangle,0.6759282,64
Male,0.0,"[1511, 338, 1576, 386]",rectangle,0.68607175,65
Male,0.0,"[1510, 338, 1577, 386]",rectangle,0.68984413,66
Male,0.0,"[1510, 338, 1578, 386]",rectangle,0.6933245,67
Male,0.0,"[1509, 337, 1578, 386]",rectangle,0.6958152,68
Male,0.0,"[1509, 337, 1579, 386]",rectangle,0.6977234,69
Male,0.0,"[1510, 337, 1579, 386]",rectangle,0.69639933,70
Male,0.0,"[1509, 337, 1580, 386]",rectangle,0.6883705,71
Male,0.0,"[1509, 337, 1580, 386]",rectangle,0.6890327,72
Male,0.0,"[1510, 337, 1580, 386]",rectangle,0.69224465,73
Male,0.0,"[1509, 337, 1580, 386]",rectangle,0.6868653,74
Male,0.0,"[1512, 339, 1581, 386]",rectangle,0.68336046,75
Male,0.0,"[1512, 338, 1580, 386]",rectangle,0.70273507,76
Male,0.0,"[1511, 338, 1581, 386]",rectangle,0.70505947,77
Male,0.0,"[1512, 338, 1580, 386]",rectangle,0.7048539,78
Male,0.0,"[1511, 338, 1581, 386]",rectangle,0.699366,79
Male,0.0,"[1511, 338, 1580, 386]",rectangle,0.7128935,80
Male,0.0,"[1511, 338, 1584, 386]",rectangle,0.7064562,81
Male,0.0,"[1512, 338, 1585, 386]",rectangle,0.6958691,82
Male,0.0,"[1511, 338, 1588, 387]",rectangle,0.7087434,83
Male,0.0,"[1511, 337, 1592, 388]",rectangle,0.7126621,84
Male,0.0,"[1512, 336, 1593, 388]",rectangle,0.71323264,85
Male,0.0,"[1512, 336, 1593, 388]",rectangle,0.7147057,86
Male,0.0,"[1511, 336, 1594, 388]",rectangle,0.71257585,87
Male,0.0,"[1512, 336, 1594, 388]",rectangle,0.7185909,88
Male,0.0,"[1512, 336, 1594, 388]",rectangle,0.71843064,89
Male,0.0,"[1512, 336, 1594, 388]",rectangle,0.70703274,90
Male,0.0,"[1512, 336, 1594, 388]",rectangle,0.7087583,91
Male,0.0,"[1512, 336, 1594, 387]",rectangle,0.7024674,92
Male,0.0,"[1511, 336, 1593, 387]",rectangle,0.699669,93
Male,0.0,"[1507, 336, 1580, 384]",rectangle,0.6594012,94
Male,0.0,"[1508, 334, 1568, 385]",rectangle,0.6702082,95
Female,1.0,"[1509, 330, 1587, 396]",rectangle,0.46623442,96
Male,0.0,"[1825, 759, 1892, 870]",rectangle,0.35731536,114
Male,0.0,"[1826, 759, 1895, 871]",rectangle,0.39963996,115
Male,0.0,"[1827, 772, 1911, 883]",rectangle,0.42998445,116
Male,0.0,"[1828, 775, 1911, 886]",rectangle,0.4259867,117
Male,0.0,"[1828, 774, 1910, 887]",rectangle,0.46348515,118
Male,0.0,"[1827, 771, 1910, 890]",rectangle,0.45874804,119
Male,0.0,"[1827, 773, 1910, 888]",rectangle,0.45187435,120
Male,0.0,"[1827, 772, 1910, 886]",rectangle,0.4496101,121
Male,0.0,"[1826, 769, 1910, 885]",rectangle,0.44042966,122
Male,0.0,"[1827, 768, 1911, 886]",rectangle,0.43104303,123
Male,0.0,"[1827, 759, 1918, 898]",rectangle,0.4310347,124
Male,0.0,"[1840, 761, 1920, 897]",rectangle,0.44959158,125
Male,0.0,"[736, 568, 804, 626]",rectangle,0.33732015,144
Male,0.0,"[737, 571, 808, 627]",rectangle,0.34268504,145
Female,1.0,"[1464, 318, 1599, 385]",rectangle,0.30805236,159
Female,1.0,"[1469, 335, 1572, 387]",rectangle,0.30040014,160
Female,1.0,"[731, 261, 855, 361]",rectangle,0.50161314,172
Female,1.0,"[725, 269, 830, 358]",rectangle,0.67356575,173
Female,1.0,"[727, 265, 826, 353]",rectangle,0.70073843,174
Female,1.0,"[730, 263, 827, 352]",rectangle,0.7039546,175
Female,1.0,"[733, 260, 827, 352]",rectangle,0.7037036,176
Female,1.0,"[737, 259, 827, 354]",rectangle,0.70235395,177
Male,0.0,"[1430, 322, 1525, 392]",rectangle,0.39191136,177
Female,1.0,"[742, 259, 828, 356]",rectangle,0.70383817,178
Male,0.0,"[1458, 332, 1533, 401]",rectangle,0.53767985,178
Female,1.0,"[742, 259, 828, 355]",rectangle,0.67885196,179
Male,0.0,"[1460, 353, 1546, 410]",rectangle,0.5171821,179
Female,1.0,"[742, 260, 829, 359]",rectangle,0.6807692,180
Male,0.0,"[1474, 364, 1556, 416]",rectangle,0.3522784,180
Female,1.0,"[742, 260, 829, 362]",rectangle,0.6663912,181
Male,0.0,"[1485, 366, 1551, 414]",rectangle,0.5579555,181
Female,1.0,"[740, 260, 828, 358]",rectangle,0.6672524,182
Male,0.0,"[1497, 366, 1553, 412]",rectangle,0.5997881,182
Female,1.0,"[741, 261, 828, 358]",rectangle,0.6775486,183
Male,0.0,"[1491, 357, 1554, 414]",rectangle,0.62570024,183
Female,1.0,"[741, 261, 829, 357]",rectangle,0.6787979,184
Male,0.0,"[1492, 359, 1553, 413]",rectangle,0.6238438,184
Female,1.0,"[744, 263, 838, 358]",rectangle,0.67503774,185
Male,0.0,"[1494, 361, 1552, 412]",rectangle,0.62973434,185
Male,0.0,"[1496, 360, 1552, 412]",rectangle,0.6175623,186
Female,1.0,"[741, 270, 844, 355]",rectangle,0.528572,186
Male,0.0,"[1493, 359, 1552, 412]",rectangle,0.6362063,187
Female,1.0,"[741, 272, 850, 364]",rectangle,0.5956755,187
Male,0.0,"[1494, 359, 1552, 411]",rectangle,0.63372487,188
Female,1.0,"[745, 270, 853, 354]",rectangle,0.46760786,188
Male,0.0,"[1496, 360, 1551, 409]",rectangle,0.6271172,189
Male,0.0,"[1494, 360, 1552, 408]",rectangle,0.6173543,190
Male,0.0,"[1489, 359, 1553, 407]",rectangle,0.6090709,191
Male,0.0,"[1492, 358, 1550, 404]",rectangle,0.64407414,192
Male,0.0,"[1481, 349, 1554, 397]",rectangle,0.5330237,193
Male,0.0,"[1479, 348, 1566, 402]",rectangle,0.52451146,194
Female,1.0,"[1494, 351, 1588, 426]",rectangle,0.3505593,195
Male,0.0,"[1494, 352, 1587, 425]",rectangle,0.33307108,195
Male,0.0,"[1586, 391, 1657, 469]",rectangle,0.33201504,198
Female,1.0,"[1520, 140, 1609, 192]",rectangle,0.37164584,208
Female,1.0,"[1522, 140, 1614, 194]",rectangle,0.4398591,209
Female,1.0,"[1522, 139, 1617, 195]",rectangle,0.48424622,210
Female,1.0,"[1869, 818, 1918, 916]",rectangle,0.35127366,210
Female,1.0,"[1523, 140, 1611, 194]",rectangle,0.52065426,211
Female,1.0,"[1523, 139, 1612, 195]",rectangle,0.5079593,212
Female,1.0,"[1522, 139, 1618, 195]",rectangle,0.5381108,213
Male,0.0,"[1764, 846, 1914, 929]",rectangle,0.33850467,213
Female,1.0,"[1523, 143, 1623, 197]",rectangle,0.53524977,214
Female,1.0,"[1523, 143, 1613, 197]",rectangle,0.49143934,215
Female,1.0,"[1522, 144, 1612, 198]",rectangle,0.3646109,216
Male,0.0,"[1777, 845, 1912, 926]",rectangle,0.37100708,217
Female,1.0,"[1527, 146, 1617, 197]",rectangle,0.32200366,217
Male,0.0,"[1780, 846, 1910, 926]",rectangle,0.31724447,218
Male,0.0,"[1780, 846, 1911, 925]",rectangle,0.30064666,219
Female,1.0,"[1550, 144, 1640, 195]",rectangle,0.45451993,220
Male,0.0,"[1836, 822, 1917, 917]",rectangle,0.42129698,223
Male,0.0,"[1379, 866, 1516, 944]",rectangle,0.34384143,233
Male,0.0,"[1361, 867, 1509, 941]",rectangle,0.41658455,234
Male,0.0,"[1350, 856, 1505, 939]",rectangle,0.48347765,235
Male,0.0,"[1351, 848, 1502, 938]",rectangle,0.55331564,236
Male,0.0,"[1351, 848, 1502, 938]",rectangle,0.5565216,237
Male,0.0,"[1351, 845, 1498, 936]",rectangle,0.5932241,238
Male,0.0,"[1351, 845, 1498, 935]",rectangle,0.57037926,239
Male,0.0,"[1350, 845, 1500, 938]",rectangle,0.5163337,240
Female,1.0,"[1883, 645, 1920, 736]",rectangle,0.35128623,254
Female,1.0,"[1882, 648, 1920, 740]",rectangle,0.32404357,255
Female,1.0,"[1883, 648, 1919, 739]",rectangle,0.30851802,256
Female,1.0,"[1880, 647, 1919, 740]",rectangle,0.33181596,257
Female,1.0,"[1463, 399, 1576, 475]",rectangle,0.3637455,267
Female,1.0,"[748, 277, 850, 344]",rectangle,0.7185222,281
Female,1.0,"[742, 279, 828, 341]",rectangle,0.7966163,282
Female,1.0,"[741, 279, 823, 342]",rectangle,0.8033296,283
Female,1.0,"[742, 278, 823, 341]",rectangle,0.7951014,284
Female,1.0,"[742, 278, 823, 341]",rectangle,0.79021585,285
Female,1.0,"[746, 278, 824, 341]",rectangle,0.7849436,286
Female,1.0,"[749, 278, 826, 341]",rectangle,0.775306,287
Female,1.0,"[750, 278, 828, 341]",rectangle,0.7759273,288
Female,1.0,"[750, 278, 828, 342]",rectangle,0.7796351,289
Female,1.0,"[748, 279, 826, 341]",rectangle,0.7819454,290
Female,1.0,"[745, 280, 826, 342]",rectangle,0.79269433,291
Female,1.0,"[746, 280, 825, 341]",rectangle,0.78739727,292
Female,1.0,"[747, 279, 825, 341]",rectangle,0.7793242,293
Female,1.0,"[750, 277, 826, 341]",rectangle,0.76954144,294
Female,1.0,"[752, 272, 832, 343]",rectangle,0.72693115,295
Female,1.0,"[750, 270, 829, 342]",rectangle,0.7484268,296
Female,1.0,"[747, 265, 861, 344]",rectangle,0.66541874,297
Female,1.0,"[749, 271, 836, 339]",rectangle,0.5683311,298
Male,0.0,"[1498, 217, 1613, 290]",rectangle,0.33242166,324
Female,1.0,"[1881, 641, 1920, 745]",rectangle,0.33089358,324
Female,1.0,"[1498, 238, 1599, 296]",rectangle,0.44252497,325
Female,1.0,"[1881, 639, 1919, 742]",rectangle,0.37991375,325
Female,1.0,"[1880, 637, 1920, 728]",rectangle,0.34077933,326
Male,0.0,"[1489, 237, 1554, 294]",rectangle,0.52235365,327
Female,1.0,"[1879, 631, 1920, 727]",rectangle,0.34862226,327
Male,0.0,"[1489, 238, 1552, 290]",rectangle,0.604407,328
Female,1.0,"[1879, 633, 1920, 727]",rectangle,0.3797173,328
Male,0.0,"[1492, 237, 1552, 288]",rectangle,0.59507287,329
Female,1.0,"[1880, 637, 1920, 730]",rectangle,0.3773015,329
Male,0.0,"[1493, 234, 1553, 287]",rectangle,0.66633075,330
Male,0.0,"[1495, 234, 1553, 288]",rectangle,0.6904378,331
Male,0.0,"[1496, 234, 1553, 287]",rectangle,0.69410026,332
Male,0.0,"[1497, 234, 1553, 287]",rectangle,0.6910107,333
Male,0.0,"[1497, 234, 1554, 289]",rectangle,0.69559515,334
Male,0.0,"[1499, 235, 1554, 289]",rectangle,0.6798271,335
Male,0.0,"[1503, 234, 1556, 289]",rectangle,0.71080005,336
Male,0.0,"[1498, 234, 1559, 295]",rectangle,0.5709983,337
Female,1.0,"[745, 292, 847, 369]",rectangle,0.4618222,380
Female,1.0,"[733, 299, 849, 381]",rectangle,0.65273184,381
Female,1.0,"[729, 315, 836, 384]",rectangle,0.66233003,382
Female,1.0,"[727, 318, 835, 385]",rectangle,0.6543427,383
Female,1.0,"[730, 319, 835, 386]",rectangle,0.6834529,384
Female,1.0,"[733, 318, 836, 384]",rectangle,0.705601,385
Female,1.0,"[735, 314, 840, 384]",rectangle,0.6991134,386
Female,1.0,"[738, 315, 845, 383]",rectangle,0.67926407,387
Female,1.0,"[738, 314, 847, 384]",rectangle,0.6826607,388
Female,1.0,"[737, 315, 847, 385]",rectangle,0.6823656,389
Female,1.0,"[735, 316, 838, 386]",rectangle,0.6708025,390
Male,0.0,"[1826, 803, 1916, 869]",rectangle,0.5194753,390
Female,1.0,"[734, 319, 834, 388]",rectangle,0.6751069,391
Male,0.0,"[1817, 778, 1915, 863]",rectangle,0.48246625,391
Female,1.0,"[735, 314, 834, 386]",rectangle,0.6638903,392
Male,0.0,"[1824, 760, 1919, 861]",rectangle,0.4831877,392
Female,1.0,"[735, 314, 859, 385]",rectangle,0.6789366,393
Male,0.0,"[1834, 756, 1920, 859]",rectangle,0.5057745,393
Male,0.0,"[1838, 762, 1919, 856]",rectangle,0.51593226,394
Female,1.0,"[740, 315, 818, 371]",rectangle,0.4854034,394
Male,0.0,"[1839, 770, 1918, 859]",rectangle,0.58267194,395
Male,0.0,"[1840, 768, 1919, 859]",rectangle,0.5662673,396
Male,0.0,"[1841, 767, 1919, 857]",rectangle,0.55741936,397
Male,0.0,"[1841, 768, 1919, 857]",rectangle,0.5613838,398
Male,0.0,"[1828, 770, 1918, 855]",rectangle,0.4864808,399
Female,1.0,"[1872, 657, 1920, 757]",rectangle,0.33082587,413
Female,1.0,"[1880, 665, 1920, 770]",rectangle,0.34901157,414
Male,0.0,"[1511, 359, 1604, 419]",rectangle,0.47814667,415
Female,1.0,"[1879, 672, 1920, 760]",rectangle,0.3737284,415
Male,0.0,"[1493, 355, 1577, 412]",rectangle,0.5028082,416
Female,1.0,"[1880, 669, 1920, 754]",rectangle,0.31784737,416
Male,0.0,"[1482, 360, 1563, 415]",rectangle,0.6287683,417
Female,1.0,"[1880, 662, 1919, 746]",rectangle,0.34998852,417
Male,0.0,"[1483, 368, 1564, 421]",rectangle,0.5466084,418
Female,1.0,"[1878, 662, 1919, 745]",rectangle,0.3499428,418
Male,0.0,"[1495, 368, 1567, 422]",rectangle,0.6575289,419
Female,1.0,"[1878, 664, 1919, 744]",rectangle,0.37662435,419
Male,0.0,"[1501, 365, 1569, 412]",rectangle,0.67512614,420
Male,0.0,"[1505, 361, 1569, 408]",rectangle,0.6649364,421
Male,0.0,"[1503, 361, 1567, 409]",rectangle,0.7105563,422
Male,0.0,"[1502, 362, 1566, 409]",rectangle,0.7124888,423
Male,0.0,"[1502, 362, 1566, 409]",rectangle,0.7057581,424
Male,0.0,"[1503, 362, 1566, 408]",rectangle,0.69644916,425
Male,0.0,"[1502, 362, 1566, 409]",rectangle,0.7003373,426
Male,0.0,"[1502, 361, 1566, 408]",rectangle,0.69965756,427
Male,0.0,"[1502, 361, 1566, 409]",rectangle,0.70511395,428
Male,0.0,"[1501, 361, 1566, 409]",rectangle,0.7159797,429
Male,0.0,"[1502, 361, 1566, 409]",rectangle,0.7155036,430
Male,0.0,"[1503, 362, 1566, 409]",rectangle,0.69962907,431
Male,0.0,"[1503, 362, 1566, 408]",rectangle,0.69148636,432
Male,0.0,"[1503, 362, 1566, 408]",rectangle,0.69212526,433
Male,0.0,"[1503, 361, 1566, 409]",rectangle,0.6940106,434
Male,0.0,"[1503, 361, 1566, 408]",rectangle,0.71362644,435
Male,0.0,"[1503, 361, 1566, 408]",rectangle,0.71621937,436
Male,0.0,"[1502, 361, 1566, 408]",rectangle,0.7196994,437
Male,0.0,"[1502, 361, 1566, 408]",rectangle,0.7210738,438
Male,0.0,"[1502, 361, 1566, 408]",rectangle,0.72190684,439
Male,0.0,"[1501, 361, 1566, 409]",rectangle,0.7178181,440
Male,0.0,"[1502, 361, 1566, 408]",rectangle,0.70244384,441
Male,0.0,"[1502, 361, 1566, 408]",rectangle,0.69681525,442
Male,0.0,"[1502, 361, 1566, 407]",rectangle,0.69199526,443
Male,0.0,"[1502, 361, 1566, 407]",rectangle,0.70115143,444
Male,0.0,"[1502, 361, 1566, 408]",rectangle,0.70673865,445
Male,0.0,"[1503, 361, 1566, 408]",rectangle,0.70326316,446
Male,0.0,"[1503, 361, 1567, 408]",rectangle,0.71157515,447
Male,0.0,"[1503, 361, 1570, 408]",rectangle,0.6956451,448
Male,0.0,"[1503, 362, 1576, 409]",rectangle,0.6670782,449
Male,0.0,"[1503, 362, 1582, 411]",rectangle,0.654933,450
Male,0.0,"[1503, 362, 1585, 412]",rectangle,0.6369231,451
Male,0.0,"[1504, 362, 1587, 412]",rectangle,0.6344431,452
Male,0.0,"[1504, 362, 1588, 412]",rectangle,0.63039815,453
Male,0.0,"[1504, 361, 1588, 412]",rectangle,0.6390171,454
Male,0.0,"[1503, 361, 1587, 412]",rectangle,0.66471237,455
Male,0.0,"[1502, 362, 1585, 411]",rectangle,0.64480805,456
Male,0.0,"[1502, 362, 1577, 409]",rectangle,0.64266074,457
Male,0.0,"[1500, 360, 1566, 406]",rectangle,0.6453924,458
Male,0.0,"[1500, 358, 1566, 411]",rectangle,0.5976269,459
Female,1.0,"[1499, 357, 1590, 418]",rectangle,0.5779139,460
Female,1.0,"[1523, 134, 1632, 195]",rectangle,0.3167686,464
Female,1.0,"[1523, 133, 1627, 192]",rectangle,0.32942453,465
Female,1.0,"[1525, 133, 1630, 192]",rectangle,0.3788466,466
Female,1.0,"[1525, 132, 1640, 193]",rectangle,0.40223026,467
Female,1.0,"[1527, 132, 1640, 192]",rectangle,0.47327742,468
Female,1.0,"[1528, 132, 1639, 192]",rectangle,0.46105862,469
Female,1.0,"[1527, 132, 1640, 191]",rectangle,0.4517613,470
Female,1.0,"[1528, 132, 1640, 191]",rectangle,0.43921372,471
Female,1.0,"[1529, 132, 1640, 191]",rectangle,0.44669458,472
Female,1.0,"[1528, 131, 1640, 191]",rectangle,0.3934549,473
Female,1.0,"[1529, 131, 1636, 191]",rectangle,0.45984057,474
Female,1.0,"[1527, 131, 1638, 192]",rectangle,0.5156385,475
Female,1.0,"[1527, 132, 1641, 194]",rectangle,0.54324526,476
Male,0.0,"[1834, 827, 1915, 913]",rectangle,0.35873225,477
Female,1.0,"[1534, 134, 1636, 192]",rectangle,0.33593082,477
Male,0.0,"[1775, 820, 1915, 911]",rectangle,0.49138716,478
Male,0.0,"[1776, 821, 1915, 910]",rectangle,0.48509502,479
Male,0.0,"[1799, 828, 1909, 908]",rectangle,0.3107465,480
Male,0.0,"[1788, 824, 1910, 905]",rectangle,0.34378844,482
Male,0.0,"[1803, 822, 1913, 911]",rectangle,0.32393062,483
Male,0.0,"[1835, 819, 1917, 909]",rectangle,0.32762524,484
Male,0.0,"[1378, 890, 1527, 966]",rectangle,0.32908309,494
Male,0.0,"[1363, 887, 1522, 963]",rectangle,0.46261042,495
Male,0.0,"[1349, 875, 1504, 961]",rectangle,0.5087066,496
Male,0.0,"[1350, 867, 1507, 961]",rectangle,0.5526913,497
Male,0.0,"[1350, 865, 1503, 959]",rectangle,0.5346049,498
Male,0.0,"[1351, 865, 1501, 956]",rectangle,0.49790943,499
Male,0.0,"[1349, 864, 1502, 960]",rectangle,0.4956466,500
Female,1.0,"[1882, 621, 1920, 714]",rectangle,0.32809517,516
Female,1.0,"[1882, 626, 1920, 714]",rectangle,0.32444748,517
Female,1.0,"[1881, 625, 1920, 714]",rectangle,0.33157367,518
Female,1.0,"[1459, 362, 1581, 450]",rectangle,0.3290882,530
Female,1.0,"[749, 250, 854, 324]",rectangle,0.51481444,544
Female,1.0,"[730, 243, 857, 328]",rectangle,0.7047155,545
Female,1.0,"[728, 243, 850, 327]",rectangle,0.7247541,546
Female,1.0,"[729, 243, 849, 326]",rectangle,0.7135079,547
Female,1.0,"[729, 241, 853, 325]",rectangle,0.6814226,548
Female,1.0,"[735, 240, 852, 322]",rectangle,0.6944494,549
Female,1.0,"[738, 238, 854, 322]",rectangle,0.678455,550
Female,1.0,"[742, 238, 852, 322]",rectangle,0.6517,551
Female,1.0,"[740, 238, 851, 322]",rectangle,0.68005466,552
Female,1.0,"[743, 239, 852, 324]",rectangle,0.6788977,553
Female,1.0,"[740, 239, 854, 325]",rectangle,0.685746,554
Female,1.0,"[736, 240, 853, 326]",rectangle,0.6851377,555
Female,1.0,"[734, 239, 853, 326]",rectangle,0.683776,556
Female,1.0,"[736, 240, 853, 325]",rectangle,0.68766934,557
Female,1.0,"[738, 240, 853, 324]",rectangle,0.6747153,558
Female,1.0,"[738, 240, 854, 325]",rectangle,0.67324245,559
Female,1.0,"[737, 239, 855, 326]",rectangle,0.6793823,560
Female,1.0,"[738, 241, 857, 326]",rectangle,0.6821848,561
Female,1.0,"[736, 242, 856, 327]",rectangle,0.699845,562
Female,1.0,"[732, 241, 859, 330]",rectangle,0.61925465,563
Female,1.0,"[733, 235, 873, 323]",rectangle,0.58298475,564
Female,1.0,"[748, 238, 831, 300]",rectangle,0.4678079,565
Female,1.0,"[1487, 282, 1600, 340]",rectangle,0.34722018,581
Female,1.0,"[1508, 209, 1615, 285]",rectangle,0.3883965,593
Male,0.0,"[1513, 210, 1614, 284]",rectangle,0.32033056,593
Male,0.0,"[1504, 246, 1591, 301]",rectangle,0.30685267,596
Male,0.0,"[1503, 239, 1564, 291]",rectangle,0.5720818,597
Female,1.0,"[1499, 240, 1566, 292]",rectangle,0.40638694,597
Male,0.0,"[1503, 236, 1556, 286]",rectangle,0.652488,598
Male,0.0,"[1502, 233, 1555, 283]",rectangle,0.68380797,599
Male,0.0,"[1502, 232, 1555, 283]",rectangle,0.6815934,600
Male,0.0,"[1501, 231, 1556, 283]",rectangle,0.67914283,601
Male,0.0,"[1501, 232, 1556, 283]",rectangle,0.68404,602
Male,0.0,"[1501, 231, 1555, 283]",rectangle,0.67718077,603
Male,0.0,"[1498, 231, 1555, 286]",rectangle,0.688193,604
Male,0.0,"[1498, 231, 1556, 286]",rectangle,0.69798565,605
Male,0.0,"[1499, 230, 1556, 287]",rectangle,0.730113,606
Male,0.0,"[1502, 232, 1556, 286]",rectangle,0.7330238,607
Male,0.0,"[1504, 233, 1557, 286]",rectangle,0.7314294,608
Male,0.0,"[1502, 231, 1562, 291]",rectangle,0.71449006,609
Female,1.0,"[1482, 222, 1561, 289]",rectangle,0.30145714,610
Female,1.0,"[1550, 106, 1644, 164]",rectangle,0.3360418,625
Female,1.0,"[1544, 106, 1647, 169]",rectangle,0.4570811,626
Female,1.0,"[1543, 108, 1645, 170]",rectangle,0.44488707,627
Female,1.0,"[1540, 108, 1644, 171]",rectangle,0.4743802,628
Female,1.0,"[1540, 108, 1644, 170]",rectangle,0.52417463,629
Female,1.0,"[1538, 109, 1640, 171]",rectangle,0.49472234,630
Female,1.0,"[1536, 108, 1638, 171]",rectangle,0.5102267,631
Female,1.0,"[1537, 108, 1640, 172]",rectangle,0.5309676,632
Female,1.0,"[1535, 109, 1641, 173]",rectangle,0.51700103,633
Female,1.0,"[747, 285, 853, 366]",rectangle,0.38562387,654
Female,1.0,"[738, 286, 847, 362]",rectangle,0.42247078,655
Female,1.0,"[727, 309, 839, 379]",rectangle,0.5098808,656
Female,1.0,"[720, 316, 826, 383]",rectangle,0.35748547,657
Female,1.0,"[723, 317, 833, 385]",rectangle,0.47393507,658
Female,1.0,"[728, 316, 836, 385]",rectangle,0.5277269,659
Female,1.0,"[731, 314, 837, 384]",rectangle,0.57488054,660
Female,1.0,"[735, 312, 834, 381]",rectangle,0.60777307,661
Female,1.0,"[733, 311, 835, 382]",rectangle,0.5665169,662
Female,1.0,"[733, 312, 837, 382]",rectangle,0.5320394,663
Female,1.0,"[733, 314, 835, 385]",rectangle,0.43795648,664
Male,0.0,"[1820, 796, 1913, 860]",rectangle,0.5230003,665
Female,1.0,"[731, 316, 832, 386]",rectangle,0.43787655,665
Female,1.0,"[732, 315, 827, 386]",rectangle,0.4761372,666
Male,0.0,"[1831, 753, 1918, 852]",rectangle,0.44196793,667
Female,1.0,"[733, 316, 829, 386]",rectangle,0.40276793,667
Female,1.0,"[736, 315, 832, 384]",rectangle,0.48152193,668
Male,0.0,"[1845, 752, 1918, 849]",rectangle,0.4741902,668
Female,1.0,"[737, 315, 832, 382]",rectangle,0.52166295,669
Male,0.0,"[1845, 755, 1918, 849]",rectangle,0.49936748,669
Male,0.0,"[1845, 763, 1918, 847]",rectangle,0.5209072,670
Female,1.0,"[736, 315, 833, 384]",rectangle,0.47973433,670
Male,0.0,"[1845, 761, 1919, 849]",rectangle,0.5270281,671
Female,1.0,"[739, 317, 831, 382]",rectangle,0.39489773,671
Male,0.0,"[1846, 760, 1919, 850]",rectangle,0.52693725,672
Female,1.0,"[739, 316, 834, 382]",rectangle,0.4487852,672
Male,0.0,"[1846, 759, 1919, 850]",rectangle,0.5293356,673
Female,1.0,"[737, 315, 837, 382]",rectangle,0.49086636,673
Male,0.0,"[1846, 760, 1919, 850]",rectangle,0.528019,674
Female,1.0,"[737, 314, 835, 382]",rectangle,0.52227855,674
Male,0.0,"[1846, 758, 1919, 850]",rectangle,0.5256676,675
Female,1.0,"[738, 317, 835, 384]",rectangle,0.43350714,675
Male,0.0,"[1846, 758, 1919, 851]",rectangle,0.5267599,676
Female,1.0,"[736, 315, 835, 384]",rectangle,0.43170178,676
Male,0.0,"[1846, 758, 1919, 851]",rectangle,0.533204,677
Female,1.0,"[738, 313, 829, 383]",rectangle,0.39856595,677
Male,0.0,"[1846, 758, 1919, 850]",rectangle,0.5248985,678
Female,1.0,"[736, 314, 836, 385]",rectangle,0.44796175,678
Male,0.0,"[1846, 758, 1919, 850]",rectangle,0.51427037,679
Female,1.0,"[736, 315, 836, 385]",rectangle,0.4648825,679
Male,0.0,"[1846, 758, 1919, 850]",rectangle,0.5169299,680
Female,1.0,"[736, 314, 835, 385]",rectangle,0.48823705,680
Female,1.0,"[736, 315, 835, 385]",rectangle,0.5236036,681
Male,0.0,"[1846, 758, 1919, 849]",rectangle,0.50858974,681
Male,0.0,"[1846, 759, 1919, 849]",rectangle,0.5089425,682
Female,1.0,"[736, 315, 836, 385]",rectangle,0.44522706,682
Male,0.0,"[1846, 759, 1919, 849]",rectangle,0.5140438,683
Female,1.0,"[736, 313, 835, 385]",rectangle,0.49383897,683
Male,0.0,"[1846, 759, 1919, 849]",rectangle,0.51741254,684
Female,1.0,"[735, 314, 836, 386]",rectangle,0.4580376,684
Male,0.0,"[1846, 759, 1919, 849]",rectangle,0.50975627,685
Female,1.0,"[736, 314, 837, 385]",rectangle,0.47492975,685
Male,0.0,"[1846, 759, 1919, 849]",rectangle,0.5178289,686
Female,1.0,"[738, 318, 835, 383]",rectangle,0.49573848,686
Male,0.0,"[1846, 759, 1919, 849]",rectangle,0.5223767,687
Female,1.0,"[738, 318, 836, 384]",rectangle,0.49689046,687
Male,0.0,"[1846, 759, 1919, 849]",rectangle,0.51950264,688
Female,1.0,"[737, 316, 837, 385]",rectangle,0.50829,688
Male,0.0,"[1846, 759, 1919, 849]",rectangle,0.5211815,689
Female,1.0,"[738, 317, 835, 383]",rectangle,0.48924422,689
Male,0.0,"[1846, 760, 1919, 850]",rectangle,0.5245236,690
Female,1.0,"[737, 312, 829, 384]",rectangle,0.40748012,690
Male,0.0,"[1847, 759, 1918, 849]",rectangle,0.52739555,691
Female,1.0,"[737, 312, 829, 383]",rectangle,0.39322904,691
Male,0.0,"[1848, 764, 1919, 848]",rectangle,0.5382926,692
Female,1.0,"[737, 315, 834, 384]",rectangle,0.33148637,692
Female,1.0,"[1844, 744, 1920, 840]",rectangle,0.47421113,693
Female,1.0,"[736, 317, 836, 385]",rectangle,0.35073406,693
Female,1.0,"[1843, 700, 1920, 816]",rectangle,0.47580382,694
Female,1.0,"[736, 317, 836, 385]",rectangle,0.38806254,694
Female,1.0,"[736, 317, 835, 385]",rectangle,0.40473753,695
Female,1.0,"[737, 317, 836, 386]",rectangle,0.35136673,696
Female,1.0,"[737, 317, 837, 385]",rectangle,0.38974726,697
Female,1.0,"[737, 317, 837, 385]",rectangle,0.424171,698
Female,1.0,"[735, 314, 837, 386]",rectangle,0.4322581,699
Female,1.0,"[735, 314, 836, 385]",rectangle,0.45858014,700
Female,1.0,"[737, 312, 829, 383]",rectangle,0.4407472,701
Female,1.0,"[738, 312, 830, 383]",rectangle,0.46544573,702
Female,1.0,"[739, 314, 835, 382]",rectangle,0.39828748,703
Female,1.0,"[738, 313, 832, 382]",rectangle,0.42778748,704
Female,1.0,"[736, 316, 840, 386]",rectangle,0.38601488,705
Female,1.0,"[736, 314, 840, 385]",rectangle,0.40132183,706
Female,1.0,"[737, 311, 834, 383]",rectangle,0.47453582,707
Female,1.0,"[737, 311, 833, 382]",rectangle,0.5046567,708
Female,1.0,"[737, 311, 833, 381]",rectangle,0.46075365,709
Female,1.0,"[737, 312, 831, 379]",rectangle,0.47304267,710
Female,1.0,"[738, 312, 830, 378]",rectangle,0.44914275,711
Male,0.0,"[1517, 309, 1605, 376]",rectangle,0.46374354,712
Female,1.0,"[738, 312, 829, 379]",rectangle,0.40936825,712
Male,0.0,"[1500, 311, 1589, 378]",rectangle,0.57040143,713
Female,1.0,"[738, 313, 830, 380]",rectangle,0.42440793,713
Male,0.0,"[1484, 323, 1569, 381]",rectangle,0.6157133,714
Female,1.0,"[738, 313, 833, 381]",rectangle,0.4480043,714
Male,0.0,"[1481, 331, 1567, 385]",rectangle,0.7186092,715
Female,1.0,"[738, 314, 833, 380]",rectangle,0.407456,715
Male,0.0,"[1493, 334, 1567, 385]",rectangle,0.7228421,716
Female,1.0,"[738, 312, 831, 382]",rectangle,0.4302101,716
Male,0.0,"[1504, 335, 1568, 383]",rectangle,0.7570932,717
Female,1.0,"[738, 315, 836, 382]",rectangle,0.43757623,717
Male,0.0,"[1505, 334, 1568, 382]",rectangle,0.74958795,718
Female,1.0,"[738, 315, 835, 381]",rectangle,0.44373143,718
Male,0.0,"[1506, 333, 1568, 382]",rectangle,0.7511186,719
Female,1.0,"[738, 315, 837, 382]",rectangle,0.4557257,719
Male,0.0,"[1505, 333, 1568, 383]",rectangle,0.7465769,720
Female,1.0,"[736, 314, 840, 385]",rectangle,0.46449828,720
Male,0.0,"[1506, 334, 1567, 383]",rectangle,0.7445872,721
Female,1.0,"[736, 314, 841, 384]",rectangle,0.48348957,721
Male,0.0,"[1506, 334, 1567, 382]",rectangle,0.7523453,722
Female,1.0,"[738, 314, 835, 381]",rectangle,0.45234644,722
Male,0.0,"[1506, 334, 1567, 383]",rectangle,0.75815856,723
Female,1.0,"[737, 306, 839, 380]",rectangle,0.4852163,723
Male,0.0,"[1506, 334, 1567, 383]",rectangle,0.7623556,724
Female,1.0,"[736, 305, 849, 382]",rectangle,0.61395985,724
Male,0.0,"[1506, 335, 1567, 383]",rectangle,0.760762,725
Female,1.0,"[737, 299, 865, 381]",rectangle,0.5298418,725
Male,0.0,"[1506, 335, 1567, 383]",rectangle,0.75878966,726
Male,0.0,"[1506, 335, 1567, 383]",rectangle,0.75265896,727
Male,0.0,"[1507, 335, 1566, 383]",rectangle,0.7455269,728
Male,0.0,"[1506, 335, 1565, 382]",rectangle,0.73516124,729
Male,0.0,"[1506, 336, 1566, 382]",rectangle,0.74333405,730
Male,0.0,"[1505, 335, 1565, 381]",rectangle,0.7339999,731
Male,0.0,"[1505, 334, 1563, 379]",rectangle,0.7239512,732
Male,0.0,"[1494, 328, 1565, 377]",rectangle,0.71471125,733
Male,0.0,"[1487, 321, 1573, 380]",rectangle,0.4805232,734
Female,1.0,"[1488, 323, 1575, 383]",rectangle,0.47512892,734
Female,1.0,"[1508, 324, 1596, 397]",rectangle,0.49864638,735
Male,0.0,"[1508, 324, 1595, 397]",rectangle,0.31816736,735
Female,1.0,"[1520, 142, 1609, 193]",rectangle,0.40137511,747
Female,1.0,"[1522, 142, 1612, 195]",rectangle,0.45350942,748
Female,1.0,"[1524, 142, 1613, 196]",rectangle,0.50876504,749
Female,1.0,"[1524, 142, 1612, 196]",rectangle,0.5386732,750
Female,1.0,"[1523, 142, 1612, 196]",rectangle,0.524232,751
Female,1.0,"[1523, 142, 1612, 196]",rectangle,0.5228696,752
Female,1.0,"[1523, 142, 1614, 196]",rectangle,0.507673,753
Male,0.0,"[1778, 825, 1913, 914]",rectangle,0.3624531,753
Female,1.0,"[1523, 142, 1617, 196]",rectangle,0.50339645,754
Male,0.0,"[1786, 833, 1916, 915]",rectangle,0.38731563,754
Female,1.0,"[1522, 142, 1617, 197]",rectangle,0.4928956,755
Female,1.0,"[1523, 143, 1618, 197]",rectangle,0.3669731,756
Male,0.0,"[1795, 836, 1913, 910]",rectangle,0.32839787,756
Female,1.0,"[1527, 149, 1629, 199]",rectangle,0.4466781,757
Male,0.0,"[1785, 833, 1914, 912]",rectangle,0.3640154,757
Female,1.0,"[1528, 144, 1628, 198]",rectangle,0.3881551,758
Male,0.0,"[1792, 835, 1914, 913]",rectangle,0.35181463,758
Male,0.0,"[1793, 836, 1914, 913]",rectangle,0.39119083,759
Male,0.0,"[1788, 828, 1912, 912]",rectangle,0.4395036,760
Male,0.0,"[1813, 827, 1906, 912]",rectangle,0.38550135,761
Male,0.0,"[1824, 816, 1914, 916]",rectangle,0.30410355,762
Male,0.0,"[1402, 874, 1526, 947]",rectangle,0.4172753,774
Male,0.0,"[1382, 868, 1528, 945]",rectangle,0.47963744,775
Male,0.0,"[1375, 861, 1526, 945]",rectangle,0.45303875,776
Male,0.0,"[1374, 854, 1523, 944]",rectangle,0.45132428,777
Male,0.0,"[1376, 850, 1524, 943]",rectangle,0.518415,778
Male,0.0,"[1377, 849, 1520, 943]",rectangle,0.60667014,779
Male,0.0,"[1375, 850, 1516, 941]",rectangle,0.5815681,780
Male,0.0,"[1372, 847, 1514, 943]",rectangle,0.38330474,781
Female,1.0,"[752, 245, 848, 317]",rectangle,0.685341,826
Female,1.0,"[749, 246, 826, 315]",rectangle,0.7611414,827
Female,1.0,"[747, 249, 824, 315]",rectangle,0.764958,828
Female,1.0,"[747, 249, 824, 315]",rectangle,0.7588841,829
Female,1.0,"[749, 247, 824, 315]",rectangle,0.75617576,830
Female,1.0,"[751, 246, 824, 314]",rectangle,0.7624031,831
Female,1.0,"[752, 249, 827, 313]",rectangle,0.73557234,832
Female,1.0,"[753, 248, 829, 314]",rectangle,0.7471607,833
Female,1.0,"[754, 249, 830, 315]",rectangle,0.7396027,834
Female,1.0,"[753, 248, 829, 315]",rectangle,0.74171,835
Female,1.0,"[752, 248, 828, 314]",rectangle,0.73988813,836
Female,1.0,"[751, 247, 827, 314]",rectangle,0.74573666,837
Female,1.0,"[752, 246, 826, 314]",rectangle,0.7434549,838
Female,1.0,"[753, 245, 827, 315]",rectangle,0.7480515,839
Female,1.0,"[752, 247, 831, 315]",rectangle,0.74924076,840
Female,1.0,"[752, 242, 849, 317]",rectangle,0.7451426,841
Female,1.0,"[750, 235, 862, 318]",rectangle,0.6559772,842
Female,1.0,"[755, 233, 841, 309]",rectangle,0.39158627,843
Male,0.0,"[1506, 214, 1615, 289]",rectangle,0.36921784,873
Female,1.0,"[1499, 214, 1616, 291]",rectangle,0.32551134,873
Female,1.0,"[1503, 232, 1603, 302]",rectangle,0.34995672,874
Male,0.0,"[1503, 239, 1568, 292]",rectangle,0.43925446,877
Female,1.0,"[1498, 242, 1570, 293]",rectangle,0.4348626,877
Male,0.0,"[1498, 237, 1557, 293]",rectangle,0.65595675,878
Male,0.0,"[1498, 236, 1557, 290]",rectangle,0.68184245,879
Male,0.0,"[1499, 236, 1557, 290]",rectangle,0.6637986,880
Male,0.0,"[1503, 236, 1558, 288]",rectangle,0.63922143,881
Male,0.0,"[1499, 236, 1557, 290]",rectangle,0.67133844,882
Male,0.0,"[1499, 236, 1557, 290]",rectangle,0.6949074,883
Male,0.0,"[1500, 237, 1556, 291]",rectangle,0.689532,884
Male,0.0,"[1502, 240, 1556, 291]",rectangle,0.6615615,885
Male,0.0,"[1501, 238, 1559, 293]",rectangle,0.71985906,886
Female,1.0,"[1485, 232, 1560, 289]",rectangle,0.38313326,887
Female,1.0,"[1552, 103, 1644, 155]",rectangle,0.35986903,904
Female,1.0,"[1549, 104, 1643, 157]",rectangle,0.3682527,905
Female,1.0,"[1549, 104, 1643, 158]",rectangle,0.39634424,906
Female,1.0,"[1545, 105, 1643, 161]",rectangle,0.4409093,907
Female,1.0,"[1544, 105, 1644, 165]",rectangle,0.46390483,908
Female,1.0,"[1539, 105, 1645, 168]",rectangle,0.44628096,909
Female,1.0,"[743, 282, 850, 369]",rectangle,0.62438,932
Female,1.0,"[736, 301, 841, 373]",rectangle,0.6688159,933
Female,1.0,"[735, 311, 833, 376]",rectangle,0.71275115,934
Female,1.0,"[736, 310, 828, 375]",rectangle,0.7245547,935
Female,1.0,"[737, 310, 830, 376]",rectangle,0.72189456,936
Female,1.0,"[738, 309, 831, 375]",rectangle,0.7132054,937
Female,1.0,"[741, 308, 832, 373]",rectangle,0.7280564,938
Female,1.0,"[742, 308, 834, 373]",rectangle,0.72262824,939
Female,1.0,"[743, 309, 835, 375]",rectangle,0.70385706,940
Female,1.0,"[741, 309, 836, 376]",rectangle,0.6959844,941
Female,1.0,"[740, 309, 836, 376]",rectangle,0.69998926,942
Male,0.0,"[1821, 783, 1914, 861]",rectangle,0.48765242,942
Female,1.0,"[739, 310, 835, 376]",rectangle,0.6863482,943
Male,0.0,"[1817, 784, 1917, 860]",rectangle,0.4992671,943
Female,1.0,"[739, 311, 833, 376]",rectangle,0.6994184,944
Male,0.0,"[1820, 756, 1918, 856]",rectangle,0.36580187,944
Female,1.0,"[739, 308, 832, 376]",rectangle,0.72916603,945
Male,0.0,"[1825, 739, 1920, 851]",rectangle,0.483599,945
Female,1.0,"[738, 308, 863, 378]",rectangle,0.62985086,946
Male,0.0,"[1836, 739, 1920, 848]",rectangle,0.48192278,946
Male,0.0,"[1836, 745, 1919, 843]",rectangle,0.54289865,947
Female,1.0,"[742, 314, 818, 371]",rectangle,0.36364752,947
Male,0.0,"[1835, 749, 1920, 843]",rectangle,0.5363107,948
Male,0.0,"[1837, 747, 1919, 843]",rectangle,0.52163917,949
Male,0.0,"[1837, 747, 1920, 844]",rectangle,0.5167199,950
Male,0.0,"[1837, 748, 1920, 844]",rectangle,0.5192017,951
Male,0.0,"[1839, 749, 1920, 845]",rectangle,0.508277,952
Male,0.0,"[1835, 754, 1919, 847]",rectangle,0.4386941,953
Male,0.0,"[1526, 380, 1616, 438]",rectangle,0.3121517,969
Male,0.0,"[1501, 369, 1591, 438]",rectangle,0.49822605,970
Male,0.0,"[1485, 376, 1567, 437]",rectangle,0.5700234,971
Male,0.0,"[1484, 386, 1558, 440]",rectangle,0.6368834,972
Male,0.0,"[1490, 391, 1566, 442]",rectangle,0.5742117,973
Male,0.0,"[1494, 385, 1569, 435]",rectangle,0.6444174,974
Male,0.0,"[1500, 384, 1570, 432]",rectangle,0.7151152,975
Male,0.0,"[1500, 380, 1570, 430]",rectangle,0.7231823,976
Male,0.0,"[1499, 380, 1569, 430]",rectangle,0.72094035,977
Male,0.0,"[1498, 381, 1568, 431]",rectangle,0.7209099,978
Male,0.0,"[1498, 380, 1568, 431]",rectangle,0.7186415,979
Male,0.0,"[1499, 380, 1568, 430]",rectangle,0.7253225,980
Male,0.0,"[1499, 380, 1568, 430]",rectangle,0.72611195,981
Male,0.0,"[1498, 381, 1568, 430]",rectangle,0.72940636,982
Male,0.0,"[1499, 380, 1568, 430]",rectangle,0.7336463,983
Male,0.0,"[1499, 380, 1567, 430]",rectangle,0.7372016,984
Male,0.0,"[1499, 381, 1568, 430]",rectangle,0.74213696,985
Male,0.0,"[1499, 381, 1569, 430]",rectangle,0.7362921,986
Male,0.0,"[1500, 380, 1572, 430]",rectangle,0.73203516,987
Male,0.0,"[1500, 380, 1575, 430]",rectangle,0.7182267,988
Male,0.0,"[1500, 381, 1579, 431]",rectangle,0.68762004,989
Male,0.0,"[1499, 382, 1583, 432]",rectangle,0.67070454,990
Male,0.0,"[1500, 383, 1584, 432]",rectangle,0.66764903,991
Male,0.0,"[1500, 383, 1584, 433]",rectangle,0.67517626,992
Male,0.0,"[1500, 383, 1583, 433]",rectangle,0.6786926,993
Male,0.0,"[1499, 381, 1580, 432]",rectangle,0.6824516,994
Male,0.0,"[1496, 379, 1576, 431]",rectangle,0.6956531,995
Male,0.0,"[1494, 380, 1567, 429]",rectangle,0.63394344,996
Male,0.0,"[1497, 376, 1560, 428]",rectangle,0.54895955,997
Female,1.0,"[1497, 370, 1576, 433]",rectangle,0.5117476,998
Male,0.0,"[1498, 369, 1575, 430]",rectangle,0.5045557,998
Female,1.0,"[1524, 174, 1622, 225]",rectangle,0.3961165,1003
Female,1.0,"[1519, 174, 1624, 224]",rectangle,0.5056051,1004
Female,1.0,"[1521, 175, 1628, 227]",rectangle,0.53591055,1005
Female,1.0,"[1521, 175, 1628, 227]",rectangle,0.5272469,1006
Female,1.0,"[1522, 176, 1632, 229]",rectangle,0.5277471,1007
Female,1.0,"[1524, 175, 1636, 228]",rectangle,0.55428964,1008
Female,1.0,"[1523, 175, 1635, 229]",rectangle,0.5683076,1009
Female,1.0,"[1522, 175, 1634, 231]",rectangle,0.544831,1010
Female,1.0,"[1521, 176, 1629, 231]",rectangle,0.54766786,1011
Female,1.0,"[1521, 176, 1627, 231]",rectangle,0.56959873,1012
Female,1.0,"[1521, 176, 1625, 230]",rectangle,0.5373449,1013
Female,1.0,"[1520, 175, 1627, 230]",rectangle,0.54845315,1014
Female,1.0,"[1521, 176, 1628, 230]",rectangle,0.5643378,1015
Female,1.0,"[1521, 177, 1628, 231]",rectangle,0.550055,1016
Female,1.0,"[1521, 178, 1627, 232]",rectangle,0.5029492,1017
Male,0.0,"[1779, 818, 1915, 910]",rectangle,0.4054076,1017
Female,1.0,"[1519, 176, 1629, 232]",rectangle,0.49705973,1018
Male,0.0,"[1776, 820, 1916, 911]",rectangle,0.464557,1018
Male,0.0,"[1793, 829, 1912, 912]",rectangle,0.43296212,1019
Female,1.0,"[1521, 174, 1623, 230]",rectangle,0.34459805,1019
Male,0.0,"[1791, 826, 1915, 911]",rectangle,0.3517902,1021
Male,0.0,"[1790, 823, 1914, 911]",rectangle,0.39356723,1022
Male,0.0,"[1816, 827, 1906, 907]",rectangle,0.32377645,1023
Male,0.0,"[1379, 889, 1533, 961]",rectangle,0.37242538,1036
Male,0.0,"[1374, 874, 1524, 957]",rectangle,0.42328283,1037
Male,0.0,"[1375, 869, 1519, 952]",rectangle,0.48094696,1038
Male,0.0,"[1373, 866, 1522, 949]",rectangle,0.58110726,1039
Male,0.0,"[1370, 865, 1517, 948]",rectangle,0.58196664,1040
Male,0.0,"[1368, 863, 1517, 950]",rectangle,0.5231238,1041
Male,0.0,"[1369, 861, 1517, 950]",rectangle,0.46685937,1042
Female,1.0,"[1881, 669, 1920, 757]",rectangle,0.39021367,1060
Female,1.0,"[751, 307, 848, 370]",rectangle,0.47416618,1087
Female,1.0,"[741, 301, 837, 365]",rectangle,0.729128,1088
Female,1.0,"[738, 303, 824, 364]",rectangle,0.78438616,1089
Female,1.0,"[737, 304, 823, 365]",rectangle,0.7683784,1090
Female,1.0,"[737, 304, 822, 364]",rectangle,0.77039766,1091
Female,1.0,"[739, 305, 823, 364]",rectangle,0.7796823,1092
Female,1.0,"[741, 304, 823, 364]",rectangle,0.7794037,1093
Female,1.0,"[742, 304, 823, 365]",rectangle,0.7772422,1094
Female,1.0,"[743, 305, 823, 367]",rectangle,0.7859875,1095
Female,1.0,"[742, 305, 823, 367]",rectangle,0.7789496,1096
Female,1.0,"[741, 306, 823, 367]",rectangle,0.7790457,1097
Female,1.0,"[739, 306, 822, 366]",rectangle,0.7717329,1098
Female,1.0,"[739, 305, 821, 365]",rectangle,0.76689047,1099
Female,1.0,"[739, 305, 821, 365]",rectangle,0.773118,1100
Female,1.0,"[741, 305, 822, 365]",rectangle,0.78460807,1101
Female,1.0,"[742, 304, 826, 365]",rectangle,0.7791677,1102
Female,1.0,"[743, 304, 844, 367]",rectangle,0.74618155,1103
Female,1.0,"[743, 303, 854, 368]",rectangle,0.7232859,1104
Female,1.0,"[745, 303, 857, 368]",rectangle,0.7355588,1105
Female,1.0,"[745, 303, 857, 368]",rectangle,0.7388406,1106
Female,1.0,"[745, 303, 858, 368]",rectangle,0.74419665,1107
Female,1.0,"[745, 302, 858, 367]",rectangle,0.74221575,1108
Female,1.0,"[745, 302, 857, 367]",rectangle,0.738843,1109
Female,1.0,"[745, 301, 858, 369]",rectangle,0.7217941,1110
Female,1.0,"[745, 301, 858, 369]",rectangle,0.71720004,1111
Female,1.0,"[744, 302, 858, 369]",rectangle,0.71770084,1112
Female,1.0,"[744, 302, 858, 369]",rectangle,0.7165972,1113
Female,1.0,"[745, 303, 858, 369]",rectangle,0.7159513,1114
Female,1.0,"[745, 303, 858, 368]",rectangle,0.71517825,1115
Female,1.0,"[745, 303, 858, 368]",rectangle,0.71930224,1116
Female,1.0,"[745, 303, 858, 368]",rectangle,0.7168987,1117
Female,1.0,"[745, 302, 857, 369]",rectangle,0.7122132,1118
Female,1.0,"[745, 302, 856, 368]",rectangle,0.71305007,1119
Female,1.0,"[745, 302, 856, 368]",rectangle,0.7141097,1120
Female,1.0,"[745, 303, 856, 368]",rectangle,0.7179395,1121
Female,1.0,"[744, 303, 856, 369]",rectangle,0.71676755,1122
Female,1.0,"[744, 303, 855, 369]",rectangle,0.7127795,1123
Female,1.0,"[744, 303, 856, 369]",rectangle,0.7152269,1124
Female,1.0,"[745, 303, 858, 370]",rectangle,0.7154975,1125
Female,1.0,"[745, 303, 859, 370]",rectangle,0.71428394,1126
Female,1.0,"[745, 303, 859, 370]",rectangle,0.7135898,1127
Female,1.0,"[745, 303, 859, 371]",rectangle,0.70895123,1128
Female,1.0,"[744, 303, 859, 370]",rectangle,0.71262205,1129
Female,1.0,"[744, 303, 859, 370]",rectangle,0.71536833,1130
Female,1.0,"[744, 303, 858, 369]",rectangle,0.7121484,1131
Female,1.0,"[744, 303, 858, 369]",rectangle,0.7187793,1132
Female,1.0,"[744, 303, 858, 369]",rectangle,0.7221063,1133
Female,1.0,"[744, 303, 858, 369]",rectangle,0.7106782,1134
Female,1.0,"[744, 303, 858, 369]",rectangle,0.7157882,1135
Female,1.0,"[745, 304, 857, 369]",rectangle,0.7114207,1136
Female,1.0,"[745, 304, 857, 369]",rectangle,0.7114582,1137
Female,1.0,"[744, 304, 857, 369]",rectangle,0.71398747,1138
Female,1.0,"[744, 304, 856, 368]",rectangle,0.71169716,1139
Female,1.0,"[744, 303, 857, 370]",rectangle,0.7138125,1140
Female,1.0,"[744, 303, 854, 369]",rectangle,0.7260355,1141
Female,1.0,"[745, 304, 846, 368]",rectangle,0.73532593,1142
Female,1.0,"[744, 304, 839, 367]",rectangle,0.7439524,1143
Female,1.0,"[743, 305, 835, 367]",rectangle,0.75548023,1144
Female,1.0,"[743, 305, 833, 366]",rectangle,0.76673067,1145
Female,1.0,"[743, 304, 834, 366]",rectangle,0.75841993,1146
Female,1.0,"[743, 304, 834, 366]",rectangle,0.75472593,1147
Female,1.0,"[744, 305, 834, 366]",rectangle,0.7626842,1148
Female,1.0,"[744, 305, 835, 366]",rectangle,0.7676792,1149
Female,1.0,"[744, 305, 835, 366]",rectangle,0.7668665,1150
Female,1.0,"[744, 305, 835, 366]",rectangle,0.76907456,1151
Female,1.0,"[745, 305, 834, 366]",rectangle,0.7709973,1152
Female,1.0,"[744, 305, 834, 366]",rectangle,0.77046865,1153
Female,1.0,"[744, 305, 835, 366]",rectangle,0.7695333,1154
Female,1.0,"[744, 306, 835, 367]",rectangle,0.7691021,1155
Female,1.0,"[744, 306, 836, 367]",rectangle,0.7630519,1156
Female,1.0,"[745, 305, 836, 367]",rectangle,0.7611266,1157
Female,1.0,"[744, 306, 835, 367]",rectangle,0.7672824,1158
Female,1.0,"[745, 306, 835, 367]",rectangle,0.7748037,1159
Female,1.0,"[745, 306, 835, 366]",rectangle,0.77257824,1160
Female,1.0,"[745, 306, 834, 367]",rectangle,0.7744391,1161
Female,1.0,"[745, 306, 834, 366]",rectangle,0.7739324,1162
Female,1.0,"[744, 306, 834, 366]",rectangle,0.77119726,1163
Female,1.0,"[744, 306, 834, 366]",rectangle,0.76843035,1164
Female,1.0,"[744, 306, 834, 367]",rectangle,0.7681314,1165
Female,1.0,"[745, 306, 834, 366]",rectangle,0.76108587,1166
Female,1.0,"[744, 306, 835, 367]",rectangle,0.76375115,1167
Female,1.0,"[745, 305, 837, 366]",rectangle,0.7596592,1168
Female,1.0,"[746, 303, 844, 368]",rectangle,0.75041515,1169
Female,1.0,"[745, 303, 843, 368]",rectangle,0.7495764,1170
Female,1.0,"[746, 305, 840, 368]",rectangle,0.73601115,1171
Female,1.0,"[745, 305, 840, 368]",rectangle,0.740867,1172
Female,1.0,"[745, 305, 839, 368]",rectangle,0.7553266,1173
Female,1.0,"[745, 305, 839, 368]",rectangle,0.7557907,1174
Female,1.0,"[745, 305, 839, 367]",rectangle,0.751821,1175
Female,1.0,"[745, 306, 839, 368]",rectangle,0.75129175,1176
Female,1.0,"[745, 306, 839, 368]",rectangle,0.75113463,1177
Female,1.0,"[745, 306, 839, 368]",rectangle,0.7465262,1178
Female,1.0,"[745, 306, 838, 368]",rectangle,0.7462112,1179
Female,1.0,"[744, 306, 839, 368]",rectangle,0.74140257,1180
Female,1.0,"[744, 306, 839, 368]",rectangle,0.74506015,1181
Female,1.0,"[744, 306, 839, 368]",rectangle,0.74610895,1182
Female,1.0,"[744, 306, 839, 368]",rectangle,0.75226736,1183
Female,1.0,"[744, 306, 839, 369]",rectangle,0.75749815,1184
Female,1.0,"[743, 306, 835, 369]",rectangle,0.7531191,1185
Female,1.0,"[743, 306, 832, 369]",rectangle,0.76971257,1186
Female,1.0,"[743, 306, 828, 367]",rectangle,0.7935349,1187
Female,1.0,"[743, 306, 827, 366]",rectangle,0.78789747,1188
Female,1.0,"[743, 306, 826, 366]",rectangle,0.79238975,1189
Female,1.0,"[743, 306, 826, 367]",rectangle,0.79477674,1190
Female,1.0,"[742, 306, 825, 367]",rectangle,0.79562306,1191
Female,1.0,"[743, 307, 825, 366]",rectangle,0.79992324,1192
Female,1.0,"[742, 307, 825, 367]",rectangle,0.7994181,1193
Female,1.0,"[743, 307, 825, 367]",rectangle,0.79951,1194
Female,1.0,"[743, 307, 825, 368]",rectangle,0.7975189,1195
Female,1.0,"[743, 307, 825, 367]",rectangle,0.8023277,1196
Female,1.0,"[742, 307, 825, 368]",rectangle,0.79995596,1197
Female,1.0,"[743, 307, 825, 368]",rectangle,0.8009328,1198
Female,1.0,"[743, 307, 825, 367]",rectangle,0.8021231,1199
Female,1.0,"[743, 306, 824, 367]",rectangle,0.80107725,1200
Female,1.0,"[743, 307, 824, 367]",rectangle,0.79914975,1201
Female,1.0,"[743, 306, 825, 367]",rectangle,0.8002859,1202
Female,1.0,"[744, 306, 825, 367]",rectangle,0.79523563,1203
Female,1.0,"[744, 306, 825, 367]",rectangle,0.7926582,1204
Female,1.0,"[744, 306, 825, 368]",rectangle,0.7931543,1205
Female,1.0,"[744, 306, 825, 367]",rectangle,0.7988969,1206
Female,1.0,"[743, 305, 825, 367]",rectangle,0.7922663,1207
Female,1.0,"[743, 306, 827, 367]",rectangle,0.78799206,1208
Female,1.0,"[743, 307, 829, 367]",rectangle,0.7805544,1209
Female,1.0,"[743, 305, 830, 367]",rectangle,0.7763878,1210
Female,1.0,"[741, 302, 844, 366]",rectangle,0.7494139,1211
Female,1.0,"[740, 297, 857, 367]",rectangle,0.61376685,1212
Female,1.0,"[1844, 679, 1920, 800]",rectangle,0.4120643,1238
Female,1.0,"[1856, 691, 1920, 798]",rectangle,0.4156503,1239
Female,1.0,"[1862, 687, 1920, 793]",rectangle,0.38918433,1240
Female,1.0,"[1871, 688, 1920, 781]",rectangle,0.42297357,1241
Female,1.0,"[1872, 690, 1920, 781]",rectangle,0.43284097,1242
Female,1.0,"[1874, 689, 1920, 780]",rectangle,0.42101833,1243
Female,1.0,"[1874, 691, 1920, 780]",rectangle,0.38477054,1244
Female,1.0,"[1505, 224, 1602, 289]",rectangle,0.40181762,1245
Female,1.0,"[1874, 689, 1920, 781]",rectangle,0.37078956,1245
Male,0.0,"[1506, 223, 1604, 287]",rectangle,0.35814226,1245
Male,0.0,"[1500, 233, 1590, 288]",rectangle,0.48684067,1246
Female,1.0,"[1874, 690, 1920, 781]",rectangle,0.4172054,1246
Female,1.0,"[1874, 689, 1920, 781]",rectangle,0.41544625,1247
Male,0.0,"[1500, 223, 1566, 281]",rectangle,0.58023673,1248
Female,1.0,"[1874, 690, 1920, 781]",rectangle,0.42134255,1248
Male,0.0,"[1501, 222, 1565, 276]",rectangle,0.6653289,1249
Female,1.0,"[1871, 686, 1920, 787]",rectangle,0.45334694,1249
Male,0.0,"[1496, 222, 1567, 273]",rectangle,0.67892635,1250
Female,1.0,"[1876, 690, 1920, 781]",rectangle,0.44574112,1250
Male,0.0,"[1498, 221, 1567, 273]",rectangle,0.6842278,1251
Female,1.0,"[1876, 690, 1920, 782]",rectangle,0.44222352,1251
Male,0.0,"[1502, 219, 1566, 273]",rectangle,0.6659313,1252
Female,1.0,"[1872, 659, 1919, 785]",rectangle,0.36922845,1252
Male,0.0,"[1499, 220, 1567, 272]",rectangle,0.6841953,1253
Male,0.0,"[1499, 220, 1568, 272]",rectangle,0.67742234,1254
Male,0.0,"[1499, 221, 1567, 272]",rectangle,0.6766612,1255
Male,0.0,"[1501, 221, 1567, 273]",rectangle,0.6832117,1256
Male,0.0,"[1503, 222, 1567, 274]",rectangle,0.7052023,1257
Male,0.0,"[1505, 222, 1567, 274]",rectangle,0.71528,1258
Male,0.0,"[1503, 218, 1569, 275]",rectangle,0.66157985,1259
Female,1.0,"[1475, 215, 1562, 283]",rectangle,0.42750823,1260
Female,1.0,"[1557, 109, 1650, 171]",rectangle,0.35572895,1274
Female,1.0,"[1551, 109, 1647, 171]",rectangle,0.51621157,1275
Female,1.0,"[1546, 109, 1646, 171]",rectangle,0.5430551,1276
Female,1.0,"[708, 432, 815, 528]",rectangle,0.49908614,1276
Female,1.0,"[1547, 109, 1645, 169]",rectangle,0.57089514,1277
Female,1.0,"[1544, 108, 1644, 169]",rectangle,0.57386804,1278
Female,1.0,"[1545, 107, 1645, 171]",rectangle,0.56019366,1279
Female,1.0,"[1546, 108, 1644, 171]",rectangle,0.56250346,1280
Female,1.0,"[1544, 108, 1643, 170]",rectangle,0.5644115,1281
Female,1.0,"[1543, 108, 1644, 171]",rectangle,0.53376204,1282
Female,1.0,"[1542, 107, 1645, 171]",rectangle,0.56870633,1283
Female,1.0,"[1541, 108, 1644, 171]",rectangle,0.5700271,1284
Female,1.0,"[1541, 108, 1645, 171]",rectangle,0.53840435,1285
Female,1.0,"[1541, 107, 1644, 172]",rectangle,0.563231,1286
Female,1.0,"[1541, 108, 1645, 172]",rectangle,0.5519274,1287
Female,1.0,"[1541, 108, 1644, 172]",rectangle,0.5465498,1288
Female,1.0,"[1541, 107, 1644, 172]",rectangle,0.5479121,1289
Female,1.0,"[1541, 107, 1641, 171]",rectangle,0.5120515,1290
Female,1.0,"[1540, 107, 1642, 171]",rectangle,0.51869726,1291
Female,1.0,"[1542, 105, 1644, 171]",rectangle,0.49921536,1292
Male,0.0,"[692, 468, 810, 548]",rectangle,0.37043947,1301
Female,1.0,"[755, 183, 859, 271]",rectangle,0.38926476,1317
Female,1.0,"[751, 200, 853, 269]",rectangle,0.5508935,1318
Female,1.0,"[750, 203, 855, 271]",rectangle,0.5989037,1319
Female,1.0,"[752, 205, 854, 270]",rectangle,0.56514406,1320
Female,1.0,"[751, 206, 853, 269]",rectangle,0.60484016,1321
Female,1.0,"[752, 206, 853, 269]",rectangle,0.6039165,1322
Female,1.0,"[756, 205, 854, 267]",rectangle,0.62126875,1323
Female,1.0,"[757, 204, 854, 268]",rectangle,0.5212429,1324
Female,1.0,"[758, 203, 854, 268]",rectangle,0.47746113,1325
Female,1.0,"[757, 204, 853, 268]",rectangle,0.42915368,1326
Female,1.0,"[755, 205, 853, 269]",rectangle,0.57539976,1327
Male,0.0,"[1824, 804, 1915, 871]",rectangle,0.5188282,1327
Female,1.0,"[755, 205, 853, 269]",rectangle,0.590263,1328
Male,0.0,"[1815, 784, 1914, 867]",rectangle,0.4806295,1328
Female,1.0,"[755, 205, 855, 271]",rectangle,0.5514445,1329
Male,0.0,"[1822, 761, 1917, 865]",rectangle,0.50472057,1329
Female,1.0,"[756, 205, 856, 271]",rectangle,0.5365202,1330
Male,0.0,"[1830, 753, 1919, 862]",rectangle,0.52423745,1330
Male,0.0,"[1838, 755, 1919, 860]",rectangle,0.54492724,1331
Female,1.0,"[760, 206, 855, 271]",rectangle,0.4635103,1331
Male,0.0,"[1838, 761, 1918, 860]",rectangle,0.5678739,1332
Female,1.0,"[762, 205, 853, 270]",rectangle,0.5557769,1332
Male,0.0,"[1838, 761, 1919, 861]",rectangle,0.5654261,1333
Female,1.0,"[763, 205, 854, 270]",rectangle,0.52119154,1333
Male,0.0,"[1839, 760, 1919, 861]",rectangle,0.5542065,1334
Female,1.0,"[762, 204, 853, 268]",rectangle,0.47893342,1334
Male,0.0,"[1838, 761, 1919, 860]",rectangle,0.5560554,1335
Female,1.0,"[762, 205, 849, 269]",rectangle,0.37785974,1335
Male,0.0,"[1838, 761, 1919, 860]",rectangle,0.5541311,1336
Female,1.0,"[762, 208, 843, 270]",rectangle,0.3797661,1336
Male,0.0,"[1838, 760, 1919, 861]",rectangle,0.5531806,1337
Female,1.0,"[762, 207, 842, 269]",rectangle,0.3673691,1337
Male,0.0,"[1838, 759, 1919, 860]",rectangle,0.5497805,1338
Female,1.0,"[762, 206, 843, 269]",rectangle,0.35815752,1338
Male,0.0,"[1837, 758, 1919, 860]",rectangle,0.5387519,1339
Female,1.0,"[762, 204, 852, 269]",rectangle,0.4523006,1339
Male,0.0,"[1837, 758, 1919, 860]",rectangle,0.5455113,1340
Female,1.0,"[763, 204, 849, 269]",rectangle,0.46596932,1340
Male,0.0,"[1837, 757, 1919, 860]",rectangle,0.53625005,1341
Female,1.0,"[762, 204, 848, 268]",rectangle,0.52109873,1341
Male,0.0,"[1837, 757, 1919, 860]",rectangle,0.5370676,1342
Female,1.0,"[762, 203, 848, 269]",rectangle,0.5119221,1342
Female,1.0,"[760, 203, 848, 269]",rectangle,0.5684975,1343
Male,0.0,"[1837, 758, 1919, 859]",rectangle,0.53945583,1343
Female,1.0,"[760, 203, 849, 269]",rectangle,0.5621143,1344
Male,0.0,"[1837, 757, 1919, 859]",rectangle,0.5375428,1344
Male,0.0,"[1838, 758, 1919, 859]",rectangle,0.5383212,1345
Female,1.0,"[761, 203, 851, 270]",rectangle,0.50575745,1345
Male,0.0,"[1837, 758, 1919, 857]",rectangle,0.5384827,1346
Female,1.0,"[759, 203, 852, 269]",rectangle,0.52571625,1346
Female,1.0,"[759, 204, 852, 269]",rectangle,0.5433608,1347
Male,0.0,"[1837, 759, 1919, 857]",rectangle,0.5374018,1347
Male,0.0,"[1838, 759, 1919, 857]",rectangle,0.5425835,1348
Female,1.0,"[761, 204, 851, 269]",rectangle,0.5118657,1348
Male,0.0,"[1838, 759, 1919, 857]",rectangle,0.5410882,1349
Female,1.0,"[761, 204, 850, 268]",rectangle,0.5078227,1349
Female,1.0,"[761, 203, 849, 267]",rectangle,0.57076645,1350
Male,0.0,"[1838, 759, 1919, 859]",rectangle,0.54606086,1350
Male,0.0,"[1838, 759, 1919, 859]",rectangle,0.5434181,1351
Female,1.0,"[762, 204, 850, 268]",rectangle,0.52980167,1351
Male,0.0,"[1837, 759, 1919, 860]",rectangle,0.5572467,1352
Female,1.0,"[761, 202, 848, 267]",rectangle,0.5361149,1352
Male,0.0,"[1837, 759, 1919, 860]",rectangle,0.5565393,1353
Female,1.0,"[760, 205, 848, 267]",rectangle,0.53157413,1353
Male,0.0,"[1837, 759, 1919, 860]",rectangle,0.5525467,1354
Female,1.0,"[760, 204, 850, 269]",rectangle,0.5501744,1354
Female,1.0,"[760, 204, 851, 269]",rectangle,0.56015056,1355
Male,0.0,"[1837, 759, 1919, 859]",rectangle,0.54838,1355
Female,1.0,"[760, 204, 850, 269]",rectangle,0.5616566,1356
Male,0.0,"[1838, 759, 1919, 859]",rectangle,0.54267806,1356
Female,1.0,"[760, 204, 851, 270]",rectangle,0.56645316,1357
Male,0.0,"[1837, 759, 1919, 859]",rectangle,0.5487361,1357
Female,1.0,"[760, 204, 850, 270]",rectangle,0.568039,1358
Male,0.0,"[1838, 759, 1919, 859]",rectangle,0.5507355,1358
Female,1.0,"[760, 205, 850, 270]",rectangle,0.564106,1359
Male,0.0,"[1839, 759, 1919, 858]",rectangle,0.54845965,1359
Female,1.0,"[760, 205, 850, 269]",rectangle,0.5484104,1360
Male,0.0,"[1839, 759, 1919, 857]",rectangle,0.54265475,1360
Female,1.0,"[759, 206, 849, 269]",rectangle,0.566372,1361
Male,0.0,"[1838, 758, 1919, 857]",rectangle,0.53368205,1361
Female,1.0,"[759, 207, 849, 270]",rectangle,0.5542473,1362
Male,0.0,"[1839, 758, 1919, 858]",rectangle,0.5377392,1362
Female,1.0,"[758, 204, 855, 269]",rectangle,0.54782236,1363
Male,0.0,"[1839, 759, 1919, 857]",rectangle,0.54303426,1363
Male,0.0,"[1838, 759, 1919, 857]",rectangle,0.54225117,1364
Female,1.0,"[758, 204, 858, 269]",rectangle,0.4464596,1364
Male,0.0,"[1838, 760, 1919, 856]",rectangle,0.54077077,1365
Female,1.0,"[759, 202, 851, 267]",rectangle,0.5333725,1365
Male,0.0,"[1838, 760, 1919, 856]",rectangle,0.54222786,1366
Female,1.0,"[761, 204, 850, 269]",rectangle,0.37552693,1366
Male,0.0,"[1839, 760, 1919, 857]",rectangle,0.5446589,1367
Female,1.0,"[761, 204, 848, 268]",rectangle,0.3919768,1367
Male,0.0,"[1838, 760, 1919, 857]",rectangle,0.5565681,1368
Female,1.0,"[761, 203, 849, 268]",rectangle,0.3867409,1368
Male,0.0,"[1838, 760, 1919, 858]",rectangle,0.5514329,1369
Female,1.0,"[761, 203, 849, 268]",rectangle,0.42143464,1369
Male,0.0,"[1838, 759, 1919, 859]",rectangle,0.5585779,1370
Female,1.0,"[760, 207, 846, 271]",rectangle,0.3484422,1370
Female,1.0,"[757, 198, 873, 272]",rectangle,0.5803934,1371
Male,0.0,"[1838, 759, 1919, 859]",rectangle,0.5577549,1371
Male,0.0,"[1838, 759, 1919, 859]",rectangle,0.5616304,1372
Female,1.0,"[761, 200, 847, 268]",rectangle,0.3874166,1372
Male,0.0,"[1836, 758, 1919, 859]",rectangle,0.5557414,1373
Male,0.0,"[1835, 758, 1919, 860]",rectangle,0.55208224,1374
Male,0.0,"[1836, 758, 1919, 859]",rectangle,0.5520216,1375
Male,0.0,"[1834, 758, 1919, 859]",rectangle,0.54967403,1376
Male,0.0,"[1836, 759, 1919, 859]",rectangle,0.5538118,1377
Male,0.0,"[1838, 760, 1919, 858]",rectangle,0.5575437,1378
Male,0.0,"[1840, 761, 1919, 859]",rectangle,0.5514323,1379
Male,0.0,"[1842, 763, 1920, 861]",rectangle,0.550791,1380
Male,0.0,"[1818, 769, 1917, 858]",rectangle,0.36381108,1381
Male,0.0,"[1505, 317, 1607, 384]",rectangle,0.46146953,1397
Male,0.0,"[1494, 319, 1595, 382]",rectangle,0.54126513,1398
Male,0.0,"[1478, 324, 1596, 386]",rectangle,0.36000454,1399
Female,1.0,"[1480, 325, 1580, 387]",rectangle,0.34368664,1400
Male,0.0,"[1481, 333, 1557, 389]",rectangle,0.4573863,1401
Male,0.0,"[1480, 332, 1541, 385]",rectangle,0.5785316,1402
Male,0.0,"[1479, 330, 1534, 379]",rectangle,0.6417266,1403
Male,0.0,"[1480, 326, 1534, 377]",rectangle,0.68492264,1404
Male,0.0,"[1481, 322, 1536, 377]",rectangle,0.6940036,1405
Male,0.0,"[1482, 323, 1536, 375]",rectangle,0.6969877,1406
Male,0.0,"[1482, 323, 1536, 375]",rectangle,0.67499316,1407
Male,0.0,"[1482, 322, 1538, 374]",rectangle,0.6751739,1408
Male,0.0,"[1482, 323, 1537, 375]",rectangle,0.6809844,1409
Male,0.0,"[1481, 323, 1538, 376]",rectangle,0.6700357,1410
Male,0.0,"[1482, 323, 1538, 375]",rectangle,0.6845331,1411
Male,0.0,"[1482, 323, 1541, 374]",rectangle,0.68793327,1412
Male,0.0,"[1484, 322, 1543, 372]",rectangle,0.67747456,1413
Female,1.0,"[1473, 321, 1546, 379]",rectangle,0.47355914,1414
Male,0.0,"[1471, 320, 1546, 379]",rectangle,0.3378823,1414
Female,1.0,"[1534, 143, 1637, 204]",rectangle,0.5121012,1428
Female,1.0,"[1527, 147, 1633, 204]",rectangle,0.57890224,1429
Female,1.0,"[1527, 148, 1631, 205]",rectangle,0.5847405,1430
Female,1.0,"[1527, 150, 1631, 205]",rectangle,0.53495765,1431
Female,1.0,"[1528, 151, 1632, 207]",rectangle,0.5108729,1432
Female,1.0,"[1528, 152, 1627, 208]",rectangle,0.53418577,1433
Female,1.0,"[1528, 152, 1627, 208]",rectangle,0.50703895,1434
Female,1.0,"[1527, 152, 1626, 209]",rectangle,0.5285315,1435
Female,1.0,"[1526, 151, 1626, 210]",rectangle,0.51856786,1436
Female,1.0,"[1526, 152, 1625, 209]",rectangle,0.49089366,1437
Female,1.0,"[1526, 152, 1623, 210]",rectangle,0.5116972,1438
Female,1.0,"[1526, 152, 1622, 209]",rectangle,0.4857461,1439
Female,1.0,"[1525, 151, 1632, 215]",rectangle,0.4425598,1440
Male,0.0,"[713, 558, 829, 621]",rectangle,0.4283533,1449
Female,1.0,"[737, 297, 840, 378]",rectangle,0.559968,1463
Female,1.0,"[731, 311, 833, 386]",rectangle,0.6804611,1464
Female,1.0,"[727, 320, 822, 386]",rectangle,0.68452036,1465
Female,1.0,"[729, 324, 823, 388]",rectangle,0.7041825,1466
Female,1.0,"[732, 325, 824, 387]",rectangle,0.670665,1467
Female,1.0,"[734, 325, 825, 386]",rectangle,0.7094251,1468
Female,1.0,"[736, 323, 826, 386]",rectangle,0.7111053,1469
Female,1.0,"[737, 323, 830, 388]",rectangle,0.6780721,1470
Female,1.0,"[737, 323, 828, 387]",rectangle,0.6772444,1471
Female,1.0,"[736, 324, 829, 386]",rectangle,0.69913185,1472
Female,1.0,"[736, 326, 829, 388]",rectangle,0.7084615,1473
Female,1.0,"[736, 327, 829, 388]",rectangle,0.70984834,1474
Male,0.0,"[1838, 776, 1918, 851]",rectangle,0.51406896,1474
Female,1.0,"[736, 327, 829, 388]",rectangle,0.71415967,1475
Male,0.0,"[1826, 774, 1915, 848]",rectangle,0.36281866,1475
Female,1.0,"[736, 326, 830, 388]",rectangle,0.70367235,1476
Female,1.0,"[737, 326, 830, 387]",rectangle,0.6946266,1477
Male,0.0,"[1838, 728, 1920, 840]",rectangle,0.37874907,1477
Female,1.0,"[736, 327, 830, 388]",rectangle,0.7073953,1478
Male,0.0,"[1845, 726, 1920, 837]",rectangle,0.49738494,1478
Female,1.0,"[736, 322, 830, 388]",rectangle,0.6971453,1479
Male,0.0,"[1844, 734, 1920, 840]",rectangle,0.46897256,1479
Female,1.0,"[731, 315, 861, 393]",rectangle,0.6489247,1480
Male,0.0,"[1843, 743, 1920, 842]",rectangle,0.48881695,1480
Male,0.0,"[1846, 740, 1920, 840]",rectangle,0.50656164,1481
Female,1.0,"[735, 319, 816, 385]",rectangle,0.49004436,1481
Male,0.0,"[1846, 740, 1920, 839]",rectangle,0.519403,1482
Male,0.0,"[1846, 741, 1920, 839]",rectangle,0.5192524,1483
Male,0.0,"[1846, 741, 1920, 839]",rectangle,0.5185581,1484
Male,0.0,"[1845, 743, 1920, 839]",rectangle,0.5100468,1485
Male,0.0,"[1845, 742, 1920, 838]",rectangle,0.5062982,1486
Male,0.0,"[1845, 742, 1920, 840]",rectangle,0.5310727,1487
Male,0.0,"[1832, 751, 1919, 844]",rectangle,0.3048703,1488
Male,0.0,"[1522, 361, 1609, 423]",rectangle,0.46844915,1504
Male,0.0,"[1502, 354, 1585, 418]",rectangle,0.52922714,1505
Male,0.0,"[1483, 362, 1566, 415]",rectangle,0.6021538,1506
Male,0.0,"[1484, 373, 1562, 424]",rectangle,0.6167284,1507
Male,0.0,"[1491, 375, 1569, 427]",rectangle,0.6372968,1508
Male,0.0,"[1500, 369, 1570, 422]",rectangle,0.6722807,1509
Male,0.0,"[1499, 365, 1569, 413]",rectangle,0.6711079,1510
Male,0.0,"[1499, 363, 1567, 410]",rectangle,0.7245211,1511
Male,0.0,"[1499, 364, 1566, 411]",rectangle,0.7027501,1512
Male,0.0,"[1499, 364, 1566, 412]",rectangle,0.71311575,1513
Male,0.0,"[1499, 365, 1566, 412]",rectangle,0.7043284,1514
Male,0.0,"[1499, 365, 1566, 412]",rectangle,0.7086242,1515
Male,0.0,"[1500, 365, 1566, 412]",rectangle,0.7042916,1516
Male,0.0,"[1501, 365, 1566, 411]",rectangle,0.7104621,1517
Male,0.0,"[1500, 364, 1566, 412]",rectangle,0.7112889,1518
Male,0.0,"[1500, 364, 1566, 412]",rectangle,0.70832634,1519
Male,0.0,"[1499, 364, 1566, 411]",rectangle,0.708624,1520
Male,0.0,"[1499, 364, 1566, 411]",rectangle,0.7057975,1521
Male,0.0,"[1499, 363, 1566, 412]",rectangle,0.71019256,1522
Male,0.0,"[1500, 363, 1568, 411]",rectangle,0.69649255,1523
Male,0.0,"[1500, 364, 1571, 411]",rectangle,0.6661843,1524
Male,0.0,"[1501, 365, 1577, 413]",rectangle,0.6645674,1525
Male,0.0,"[1501, 365, 1581, 414]",rectangle,0.64561003,1526
Male,0.0,"[1501, 366, 1583, 415]",rectangle,0.6330519,1527
Male,0.0,"[1501, 365, 1584, 415]",rectangle,0.6248747,1528
Male,0.0,"[1501, 365, 1584, 415]",rectangle,0.624135,1529
Male,0.0,"[1500, 365, 1580, 415]",rectangle,0.65783393,1530
Male,0.0,"[1500, 364, 1575, 411]",rectangle,0.6868968,1531
Male,0.0,"[1498, 362, 1568, 409]",rectangle,0.6898385,1532
Male,0.0,"[1497, 362, 1562, 409]",rectangle,0.5758935,1533
Female,1.0,"[1500, 356, 1571, 415]",rectangle,0.6150014,1534
Male,0.0,"[1502, 358, 1572, 415]",rectangle,0.42479622,1534
Female,1.0,"[1501, 357, 1598, 424]",rectangle,0.53716826,1535
Female,1.0,"[1522, 154, 1634, 214]",rectangle,0.44354594,1540
Female,1.0,"[1523, 156, 1634, 216]",rectangle,0.45466807,1541
Female,1.0,"[1529, 159, 1642, 217]",rectangle,0.48936146,1542
Female,1.0,"[1534, 162, 1642, 218]",rectangle,0.44837084,1543
Female,1.0,"[1534, 160, 1645, 217]",rectangle,0.44840127,1544
Female,1.0,"[1536, 165, 1642, 217]",rectangle,0.4658813,1545
Female,1.0,"[1534, 165, 1641, 217]",rectangle,0.44213966,1546
Female,1.0,"[1532, 162, 1640, 218]",rectangle,0.39138812,1547
Female,1.0,"[1530, 163, 1640, 218]",rectangle,0.39656135,1548
Female,1.0,"[1529, 163, 1643, 218]",rectangle,0.39646906,1549
Female,1.0,"[1531, 160, 1645, 218]",rectangle,0.42833346,1550
Female,1.0,"[1529, 160, 1644, 217]",rectangle,0.42576647,1551
Female,1.0,"[1529, 161, 1643, 217]",rectangle,0.43494782,1552
Female,1.0,"[1527, 162, 1641, 218]",rectangle,0.39907038,1553
Male,0.0,"[1777, 823, 1913, 910]",rectangle,0.3788233,1553
Male,0.0,"[1767, 825, 1909, 906]",rectangle,0.41248244,1554
Female,1.0,"[1525, 163, 1640, 218]",rectangle,0.384779,1554
Male,0.0,"[1784, 827, 1915, 912]",rectangle,0.4813349,1555
Female,1.0,"[1521, 163, 1635, 220]",rectangle,0.44160187,1555
Male,0.0,"[1794, 822, 1914, 912]",rectangle,0.3993934,1558
Male,0.0,"[1813, 826, 1909, 910]",rectangle,0.3653098,1559
Male,0.0,"[1394, 892, 1537, 968]",rectangle,0.5173418,1572
Male,0.0,"[1385, 889, 1541, 968]",rectangle,0.5497086,1573
Male,0.0,"[1387, 878, 1529, 963]",rectangle,0.43042767,1574
Male,0.0,"[1387, 874, 1530, 961]",rectangle,0.50627196,1575
Male,0.0,"[1381, 872, 1529, 965]",rectangle,0.52401245,1576
Male,0.0,"[1379, 870, 1528, 965]",rectangle,0.5830903,1577
Male,0.0,"[1377, 869, 1527, 964]",rectangle,0.5937884,1578
Male,0.0,"[1376, 869, 1528, 964]",rectangle,0.595299,1579
Female,1.0,"[1878, 679, 1920, 786]",rectangle,0.32876852,1592
Female,1.0,"[1873, 682, 1920, 790]",rectangle,0.44881776,1593
Female,1.0,"[1871, 691, 1920, 795]",rectangle,0.44915313,1594
Female,1.0,"[1864, 697, 1920, 803]",rectangle,0.45204052,1595
Female,1.0,"[1860, 697, 1920, 805]",rectangle,0.45062995,1596
Female,1.0,"[1856, 707, 1920, 807]",rectangle,0.434975,1597
Female,1.0,"[1857, 715, 1920, 809]",rectangle,0.4367084,1598
Female,1.0,"[1855, 713, 1920, 808]",rectangle,0.43876523,1599
Female,1.0,"[753, 251, 850, 326]",rectangle,0.53372157,1624
Female,1.0,"[746, 253, 833, 324]",rectangle,0.7303661,1625
Female,1.0,"[739, 254, 823, 322]",rectangle,0.75929755,1626
Female,1.0,"[740, 256, 822, 321]",rectangle,0.7466004,1627
Female,1.0,"[742, 256, 823, 320]",rectangle,0.7562306,1628
Female,1.0,"[746, 255, 824, 322]",rectangle,0.76150775,1629
Female,1.0,"[747, 256, 826, 323]",rectangle,0.74633265,1630
Female,1.0,"[748, 256, 828, 324]",rectangle,0.74682593,1631
Female,1.0,"[748, 257, 829, 325]",rectangle,0.74559355,1632
Female,1.0,"[748, 257, 828, 325]",rectangle,0.74177074,1633
Female,1.0,"[747, 257, 827, 326]",rectangle,0.75046647,1634
Female,1.0,"[745, 256, 826, 324]",rectangle,0.7354671,1635
Female,1.0,"[746, 256, 826, 323]",rectangle,0.73046064,1636
Female,1.0,"[746, 255, 826, 323]",rectangle,0.73548126,1637
Female,1.0,"[746, 256, 826, 323]",rectangle,0.7340145,1638
Female,1.0,"[747, 257, 827, 323]",rectangle,0.7334212,1639
Female,1.0,"[746, 257, 827, 324]",rectangle,0.73686486,1640
Female,1.0,"[746, 257, 827, 325]",rectangle,0.7474726,1641
Female,1.0,"[746, 257, 826, 325]",rectangle,0.7505325,1642
Female,1.0,"[746, 257, 826, 324]",rectangle,0.7428182,1643
Female,1.0,"[746, 256, 826, 323]",rectangle,0.7499176,1644
Female,1.0,"[747, 256, 826, 324]",rectangle,0.7546253,1645
Female,1.0,"[748, 257, 827, 323]",rectangle,0.7409779,1646
Female,1.0,"[748, 257, 829, 324]",rectangle,0.75288856,1647
Female,1.0,"[748, 255, 831, 324]",rectangle,0.76064694,1648
Female,1.0,"[749, 256, 833, 324]",rectangle,0.7492622,1649
Female,1.0,"[750, 259, 829, 324]",rectangle,0.75796986,1650
Female,1.0,"[750, 259, 828, 325]",rectangle,0.7726102,1651
Female,1.0,"[751, 259, 828, 325]",rectangle,0.772218,1652
Female,1.0,"[750, 259, 828, 324]",rectangle,0.7763482,1653
Female,1.0,"[751, 259, 828, 324]",rectangle,0.78463864,1654
Female,1.0,"[751, 259, 828, 324]",rectangle,0.79339254,1655
Female,1.0,"[751, 259, 828, 323]",rectangle,0.79116774,1656
Female,1.0,"[751, 259, 828, 324]",rectangle,0.78945637,1657
Female,1.0,"[750, 260, 828, 325]",rectangle,0.78860986,1658
Female,1.0,"[750, 260, 828, 325]",rectangle,0.77748156,1659
Female,1.0,"[750, 260, 827, 325]",rectangle,0.78565085,1660
Female,1.0,"[750, 260, 828, 325]",rectangle,0.78158444,1661
Female,1.0,"[751, 260, 827, 325]",rectangle,0.78683555,1662
Female,1.0,"[751, 260, 828, 326]",rectangle,0.7897142,1663
Female,1.0,"[751, 260, 828, 326]",rectangle,0.7865015,1664
Female,1.0,"[751, 260, 828, 327]",rectangle,0.7744084,1665
Female,1.0,"[750, 259, 828, 327]",rectangle,0.7805061,1666
Female,1.0,"[750, 259, 827, 327]",rectangle,0.78876555,1667
Female,1.0,"[750, 259, 827, 327]",rectangle,0.7877997,1668
Female,1.0,"[750, 260, 827, 326]",rectangle,0.78788847,1669
Female,1.0,"[750, 259, 828, 326]",rectangle,0.7824715,1670
Female,1.0,"[751, 259, 828, 326]",rectangle,0.7865981,1671
Female,1.0,"[751, 259, 829, 327]",rectangle,0.78273845,1672
Female,1.0,"[751, 259, 828, 327]",rectangle,0.7817501,1673
Female,1.0,"[750, 259, 828, 326]",rectangle,0.7886506,1674
Female,1.0,"[750, 259, 828, 326]",rectangle,0.7915949,1675
Female,1.0,"[750, 259, 828, 325]",rectangle,0.7886366,1676
Female,1.0,"[750, 259, 828, 326]",rectangle,0.78775394,1677
Female,1.0,"[750, 259, 828, 326]",rectangle,0.7840261,1678
Female,1.0,"[751, 259, 828, 325]",rectangle,0.7734562,1679
Female,1.0,"[751, 259, 828, 325]",rectangle,0.7797984,1680
Female,1.0,"[751, 259, 829, 325]",rectangle,0.778739,1681
Female,1.0,"[751, 259, 829, 325]",rectangle,0.7791281,1682
Female,1.0,"[751, 259, 828, 324]",rectangle,0.78631514,1683
Female,1.0,"[751, 258, 828, 324]",rectangle,0.7825054,1684
Female,1.0,"[751, 259, 828, 325]",rectangle,0.77808964,1685
Female,1.0,"[751, 258, 829, 325]",rectangle,0.7836789,1686
Female,1.0,"[751, 258, 829, 325]",rectangle,0.79305255,1687
Female,1.0,"[751, 258, 834, 324]",rectangle,0.77256066,1688
Female,1.0,"[752, 258, 839, 325]",rectangle,0.7668933,1689
Female,1.0,"[752, 259, 843, 326]",rectangle,0.7653775,1690
Female,1.0,"[753, 258, 850, 327]",rectangle,0.73437077,1691
Female,1.0,"[750, 254, 863, 326]",rectangle,0.707865,1692
Female,1.0,"[749, 250, 849, 324]",rectangle,0.60240585,1693
Female,1.0,"[1847, 673, 1920, 803]",rectangle,0.44738024,1720
Female,1.0,"[1849, 684, 1920, 801]",rectangle,0.4240961,1721
Female,1.0,"[1858, 688, 1920, 794]",rectangle,0.3698452,1722
Male,0.0,"[1505, 217, 1614, 286]",rectangle,0.3701172,1724
Female,1.0,"[1873, 690, 1920, 781]",rectangle,0.31679258,1724
Female,1.0,"[1875, 691, 1920, 782]",rectangle,0.40418997,1725
Male,0.0,"[1502, 229, 1603, 293]",rectangle,0.30323383,1725
Female,1.0,"[1875, 691, 1920, 782]",rectangle,0.3549289,1726
Male,0.0,"[1504, 241, 1595, 295]",rectangle,0.33321917,1726
Female,1.0,"[1502, 244, 1597, 298]",rectangle,0.33250552,1726
Female,1.0,"[1874, 692, 1920, 784]",rectangle,0.3581468,1727
Female,1.0,"[1869, 687, 1920, 793]",rectangle,0.39997008,1728
Female,1.0,"[1494, 235, 1581, 292]",rectangle,0.33694452,1728
Male,0.0,"[1499, 234, 1562, 288]",rectangle,0.6437322,1729
Female,1.0,"[1869, 685, 1919, 793]",rectangle,0.41120255,1729
Male,0.0,"[1500, 233, 1563, 287]",rectangle,0.6613977,1730
Female,1.0,"[1874, 691, 1920, 784]",rectangle,0.38332722,1730
Male,0.0,"[1497, 233, 1561, 289]",rectangle,0.6865055,1731
Female,1.0,"[1871, 687, 1920, 795]",rectangle,0.41411182,1731
Male,0.0,"[1497, 233, 1561, 288]",rectangle,0.67766464,1732
Female,1.0,"[1874, 665, 1919, 793]",rectangle,0.3477521,1732
Male,0.0,"[1496, 233, 1563, 288]",rectangle,0.6686985,1733
Male,0.0,"[1501, 233, 1563, 287]",rectangle,0.6645925,1734
Male,0.0,"[1497, 233, 1562, 288]",rectangle,0.6729567,1735
Male,0.0,"[1497, 234, 1563, 289]",rectangle,0.6651958,1736
Male,0.0,"[1500, 234, 1563, 290]",rectangle,0.67349833,1737
Male,0.0,"[1501, 235, 1562, 291]",rectangle,0.69600093,1738
Male,0.0,"[1500, 234, 1566, 291]",rectangle,0.7419617,1739
Female,1.0,"[1548, 133, 1645, 196]",rectangle,0.4538933,1753
Female,1.0,"[1545, 133, 1637, 192]",rectangle,0.5577292,1754
Female,1.0,"[1538, 133, 1632, 192]",rectangle,0.6022172,1755
Female,1.0,"[1539, 134, 1632, 192]",rectangle,0.59973264,1756
Female,1.0,"[1540, 133, 1630, 191]",rectangle,0.60330105,1757
Female,1.0,"[1538, 133, 1632, 194]",rectangle,0.6389764,1758
Female,1.0,"[1535, 132, 1634, 196]",rectangle,0.6597887,1759
Female,1.0,"[1531, 137, 1636, 196]",rectangle,0.6379289,1760
Female,1.0,"[1531, 141, 1632, 197]",rectangle,0.60531545,1761
Female,1.0,"[1530, 141, 1630, 197]",rectangle,0.6285616,1762
Male,0.0,"[696, 481, 814, 568]",rectangle,0.3168069,1762
Female,1.0,"[1530, 141, 1631, 198]",rectangle,0.62276673,1763
Female,1.0,"[1531, 140, 1629, 197]",rectangle,0.59772277,1764
Female,1.0,"[1532, 141, 1628, 197]",rectangle,0.62430036,1765
Female,1.0,"[1531, 141, 1629, 197]",rectangle,0.6313505,1766
Female,1.0,"[1531, 139, 1630, 197]",rectangle,0.62678134,1767
Female,1.0,"[1531, 139, 1628, 197]",rectangle,0.62440425,1768
Female,1.0,"[1530, 139, 1626, 197]",rectangle,0.6143272,1769
Male,0.0,"[698, 484, 810, 567]",rectangle,0.3117134,1769
Female,1.0,"[1529, 138, 1625, 197]",rectangle,0.640007,1770
Male,0.0,"[695, 482, 811, 566]",rectangle,0.33869177,1770
Female,1.0,"[1529, 138, 1625, 197]",rectangle,0.6398665,1771
Male,0.0,"[696, 480, 811, 566]",rectangle,0.33471495,1771
Female,1.0,"[1529, 139, 1626, 197]",rectangle,0.64484036,1772
Male,0.0,"[696, 480, 811, 567]",rectangle,0.33447486,1772
Female,1.0,"[1529, 139, 1627, 197]",rectangle,0.6399603,1773
Male,0.0,"[697, 480, 811, 566]",rectangle,0.33558747,1773
Female,1.0,"[1529, 141, 1627, 198]",rectangle,0.6349278,1774
Male,0.0,"[697, 479, 811, 567]",rectangle,0.3288467,1774
Female,1.0,"[1527, 144, 1627, 199]",rectangle,0.6166448,1775
Male,0.0,"[696, 479, 811, 567]",rectangle,0.32566732,1775
Female,1.0,"[1524, 140, 1629, 202]",rectangle,0.59713054,1776
Male,0.0,"[695, 479, 811, 567]",rectangle,0.35609472,1776
Female,1.0,"[1524, 146, 1628, 202]",rectangle,0.47753716,1777
Male,0.0,"[697, 479, 811, 567]",rectangle,0.37939534,1777
Male,0.0,"[696, 480, 811, 567]",rectangle,0.37764665,1778
Female,1.0,"[1524, 144, 1617, 194]",rectangle,0.36681813,1778
Male,0.0,"[695, 481, 811, 567]",rectangle,0.39698586,1779
Male,0.0,"[694, 481, 811, 567]",rectangle,0.3943727,1780
Male,0.0,"[695, 481, 811, 567]",rectangle,0.37145126,1781
Male,0.0,"[695, 481, 812, 567]",rectangle,0.3559386,1782
Male,0.0,"[694, 481, 812, 567]",rectangle,0.33493596,1783
Male,0.0,"[693, 482, 811, 567]",rectangle,0.3024775,1784
Male,0.0,"[688, 485, 805, 558]",rectangle,0.4422448,1788
Female,1.0,"[758, 223, 847, 292]",rectangle,0.5200225,1800
Female,1.0,"[751, 217, 860, 299]",rectangle,0.5944968,1801
Female,1.0,"[750, 226, 853, 300]",rectangle,0.65641093,1802
Female,1.0,"[751, 230, 849, 302]",rectangle,0.7295222,1803
Female,1.0,"[753, 231, 848, 303]",rectangle,0.74326974,1804
Female,1.0,"[755, 235, 846, 305]",rectangle,0.7480859,1805
Female,1.0,"[756, 238, 847, 306]",rectangle,0.7434006,1806
Female,1.0,"[757, 238, 848, 308]",rectangle,0.7342694,1807
Female,1.0,"[756, 238, 849, 308]",rectangle,0.7342341,1808
Female,1.0,"[754, 238, 848, 308]",rectangle,0.7271799,1809
Female,1.0,"[754, 238, 849, 308]",rectangle,0.73277503,1810
Female,1.0,"[753, 237, 848, 308]",rectangle,0.7411456,1811
Female,1.0,"[756, 237, 848, 307]",rectangle,0.7224816,1812
Female,1.0,"[756, 238, 849, 308]",rectangle,0.71994025,1813
Female,1.0,"[758, 239, 849, 310]",rectangle,0.71342933,1814
Male,0.0,"[1839, 794, 1916, 861]",rectangle,0.55858517,1814
