label_id,label_name,confidence,box_xtl,box_ytl,box_xbr,box_ybr,frame_id
0,Male,0.75338423,698.0,509.0,807.0,609.0,0
0,Male,0.7242699,699.0,508.0,798.0,604.0,1
0,Male,0.59572685,1844.0,703.0,1919.0,825.0,26
0,Male,0.5849051,1845.0,706.0,1919.0,823.0,27
0,Male,0.65080196,1844.0,711.0,1919.0,822.0,28
0,Male,0.6498332,1845.0,711.0,1919.0,823.0,29
0,Male,0.65118986,1846.0,711.0,1919.0,821.0,30
0,Male,0.66282284,1846.0,712.0,1919.0,823.0,31
0,Male,0.6575695,1845.0,712.0,1918.0,822.0,32
0,Male,0.65341985,1846.0,712.0,1919.0,822.0,33
0,Male,0.6537092,1846.0,712.0,1918.0,821.0,34
0,Male,0.65576583,1846.0,712.0,1919.0,822.0,35
0,Male,0.6565576,1846.0,712.0,1919.0,823.0,36
0,Male,0.65304154,1846.0,712.0,1919.0,824.0,37
0,Male,0.6506166,1846.0,712.0,1919.0,823.0,38
0,Male,0.6543794,1846.0,712.0,1919.0,823.0,39
0,Male,0.6437107,1847.0,712.0,1919.0,823.0,40
0,Male,0.6354286,1849.0,713.0,1919.0,824.0,41
0,Male,0.526586,1506.0,343.0,1575.0,395.0,61
0,Male,0.572318,1506.0,339.0,1578.0,391.0,62
0,Male,0.68084896,1506.0,337.0,1581.0,387.0,63
0,Male,0.69012094,1506.0,337.0,1580.0,386.0,64
0,Male,0.70005286,1506.0,338.0,1580.0,387.0,65
0,Male,0.7014751,1506.0,337.0,1582.0,386.0,66
0,Male,0.7007369,1505.0,337.0,1581.0,385.0,67
0,Male,0.70289266,1505.0,337.0,1582.0,385.0,68
0,Male,0.7062217,1505.0,337.0,1582.0,385.0,69
0,Male,0.70842636,1505.0,337.0,1582.0,385.0,70
0,Male,0.70610654,1505.0,337.0,1581.0,385.0,71
0,Male,0.7043514,1505.0,337.0,1581.0,385.0,72
0,Male,0.70291597,1505.0,337.0,1581.0,385.0,73
0,Male,0.7038,1505.0,337.0,1581.0,385.0,74
0,Male,0.70419174,1505.0,338.0,1582.0,386.0,75
0,Male,0.7078723,1505.0,337.0,1581.0,385.0,76
0,Male,0.7095479,1505.0,337.0,1581.0,385.0,77
0,Male,0.7065864,1505.0,337.0,1581.0,385.0,78
0,Male,0.7078429,1505.0,337.0,1582.0,385.0,79
0,Male,0.70777327,1504.0,337.0,1581.0,386.0,80
0,Male,0.70870876,1504.0,337.0,1582.0,385.0,81
0,Male,0.70794725,1504.0,337.0,1585.0,385.0,82
0,Male,0.7054752,1504.0,337.0,1587.0,385.0,83
0,Male,0.7007111,1504.0,337.0,1590.0,385.0,84
0,Male,0.70056003,1504.0,337.0,1591.0,385.0,85
0,Male,0.7011097,1504.0,337.0,1593.0,385.0,86
0,Male,0.7011189,1504.0,338.0,1594.0,385.0,87
0,Male,0.699868,1504.0,338.0,1594.0,385.0,88
0,Male,0.69748896,1505.0,338.0,1596.0,385.0,89
0,Male,0.7024894,1505.0,339.0,1595.0,386.0,90
0,Male,0.70377696,1504.0,339.0,1594.0,386.0,91
0,Male,0.70531607,1505.0,339.0,1595.0,386.0,92
0,Male,0.6992412,1505.0,337.0,1593.0,385.0,93
0,Male,0.6268216,1504.0,336.0,1585.0,384.0,94
0,Male,0.6121188,1504.0,334.0,1569.0,386.0,95
0,Male,0.5194237,1820.0,783.0,1919.0,894.0,113
0,Male,0.55901194,1816.0,766.0,1917.0,895.0,114
0,Male,0.6220758,1816.0,765.0,1918.0,896.0,115
0,Male,0.71059984,1817.0,772.0,1917.0,898.0,116
0,Male,0.72010005,1817.0,770.0,1918.0,897.0,117
0,Male,0.7232801,1817.0,769.0,1918.0,898.0,118
0,Male,0.7230135,1816.0,769.0,1918.0,899.0,119
0,Male,0.7323644,1816.0,770.0,1917.0,896.0,120
0,Male,0.73945755,1816.0,770.0,1917.0,897.0,121
0,Male,0.73866636,1816.0,769.0,1917.0,898.0,122
0,Male,0.73920316,1816.0,769.0,1918.0,898.0,123
0,Male,0.7407995,1818.0,769.0,1919.0,898.0,124
0,Male,0.73289645,1820.0,770.0,1918.0,896.0,125
0,Male,0.56398684,726.0,562.0,847.0,636.0,146
0,Male,0.6580762,715.0,559.0,852.0,614.0,147
0,Male,0.63540053,705.0,560.0,848.0,615.0,148
0,Male,0.6400529,733.0,568.0,841.0,623.0,149
0,Male,0.66364217,730.0,567.0,841.0,620.0,150
0,Male,0.66509986,715.0,562.0,843.0,615.0,151
0,Male,0.65781945,715.0,562.0,843.0,615.0,152
0,Male,0.67121637,716.0,563.0,844.0,615.0,153
0,Male,0.6568309,711.0,562.0,844.0,613.0,154
0,Male,0.6699899,699.0,560.0,844.0,612.0,155
0,Male,0.6658474,700.0,558.0,842.0,611.0,156
0,Male,0.6527705,696.0,556.0,840.0,609.0,157
0,Male,0.66167873,690.0,554.0,841.0,607.0,158
1,Female,0.7259381,742.0,261.0,837.0,358.0,180
1,Female,0.7213117,742.0,261.0,837.0,359.0,181
0,Male,0.5785875,1485.0,358.0,1558.0,416.0,181
1,Female,0.71232325,742.0,261.0,837.0,359.0,182
0,Male,0.5835329,1488.0,357.0,1559.0,416.0,182
1,Female,0.7224517,740.0,261.0,837.0,360.0,183
0,Male,0.64995885,1485.0,355.0,1558.0,416.0,183
1,Female,0.7352711,743.0,261.0,837.0,358.0,184
0,Male,0.64281666,1485.0,356.0,1557.0,417.0,184
0,Male,0.6286779,1488.0,358.0,1558.0,416.0,185
0,Male,0.6210468,1488.0,357.0,1557.0,415.0,186
0,Male,0.63012874,1487.0,356.0,1557.0,414.0,187
1,Female,0.60015905,736.0,259.0,872.0,361.0,187
0,Male,0.6409206,1488.0,356.0,1558.0,414.0,188
0,Male,0.63819754,1489.0,356.0,1558.0,413.0,189
0,Male,0.63236374,1489.0,355.0,1557.0,411.0,190
0,Male,0.60292405,1489.0,354.0,1558.0,408.0,191
0,Male,0.50938827,1491.0,353.0,1557.0,404.0,192
0,Male,0.6133051,1482.0,349.0,1557.0,399.0,193
1,Female,0.60353345,1499.0,119.0,1595.0,197.0,207
1,Female,0.7447519,1515.0,134.0,1605.0,197.0,208
1,Female,0.7657912,1518.0,135.0,1612.0,198.0,209
1,Female,0.7600086,1519.0,135.0,1615.0,197.0,210
1,Female,0.77136874,1519.0,134.0,1611.0,197.0,211
1,Female,0.7654934,1519.0,134.0,1612.0,197.0,212
1,Female,0.7703808,1519.0,133.0,1610.0,197.0,213
1,Female,0.7730857,1520.0,135.0,1613.0,199.0,214
0,Male,0.5550318,1780.0,852.0,1918.0,932.0,214
1,Female,0.7763154,1517.0,138.0,1615.0,201.0,215
0,Male,0.61348605,1785.0,852.0,1918.0,933.0,215
1,Female,0.716815,1514.0,137.0,1617.0,201.0,216
0,Male,0.5204021,1782.0,850.0,1919.0,931.0,216
0,Male,0.50165033,1780.0,848.0,1917.0,927.0,217
0,Male,0.5525475,1780.0,850.0,1918.0,932.0,218
0,Male,0.5516608,1782.0,849.0,1919.0,931.0,219
1,Female,0.53010255,1528.0,150.0,1679.0,207.0,220
1,Female,0.5375643,1819.0,302.0,1916.0,392.0,230
0,Male,0.6165734,1367.0,865.0,1527.0,943.0,234
0,Male,0.6413614,1360.0,858.0,1520.0,937.0,235
0,Male,0.6493489,1357.0,848.0,1515.0,937.0,236
0,Male,0.646911,1357.0,848.0,1515.0,938.0,237
0,Male,0.6862409,1355.0,845.0,1511.0,940.0,238
0,Male,0.6717423,1353.0,843.0,1511.0,940.0,239
0,Male,0.6656343,1356.0,845.0,1508.0,938.0,240
1,Female,0.64449096,741.0,279.0,858.0,345.0,281
1,Female,0.7386248,737.0,276.0,840.0,345.0,282
1,Female,0.7482151,737.0,273.0,832.0,344.0,283
1,Female,0.7494802,738.0,273.0,833.0,344.0,284
1,Female,0.7535232,737.0,273.0,830.0,344.0,285
1,Female,0.7690508,741.0,274.0,834.0,343.0,286
1,Female,0.78031206,744.0,274.0,835.0,343.0,287
1,Female,0.7765918,744.0,274.0,837.0,343.0,288
1,Female,0.770718,743.0,275.0,837.0,345.0,289
1,Female,0.7714116,742.0,275.0,835.0,345.0,290
1,Female,0.7676451,741.0,274.0,835.0,344.0,291
1,Female,0.76815504,741.0,275.0,833.0,345.0,292
1,Female,0.7680587,743.0,274.0,834.0,343.0,293
1,Female,0.75046474,743.0,274.0,838.0,343.0,294
1,Female,0.69743335,742.0,270.0,849.0,346.0,296
0,Male,0.6517333,1482.0,233.0,1561.0,288.0,328
0,Male,0.717185,1481.0,232.0,1562.0,288.0,329
0,Male,0.7308101,1483.0,232.0,1564.0,287.0,330
0,Male,0.71813077,1485.0,232.0,1563.0,287.0,331
0,Male,0.7049929,1487.0,232.0,1563.0,287.0,332
0,Male,0.69562846,1487.0,231.0,1564.0,287.0,333
0,Male,0.7051989,1487.0,231.0,1564.0,288.0,334
0,Male,0.70860004,1488.0,231.0,1565.0,288.0,335
0,Male,0.6859435,1491.0,230.0,1568.0,288.0,336
1,Female,0.5210149,1558.0,68.0,1663.0,135.0,353
1,Female,0.6675027,1550.0,70.0,1667.0,131.0,354
1,Female,0.6898988,1549.0,71.0,1668.0,133.0,355
0,Male,0.6897144,716.0,568.0,848.0,639.0,356
1,Female,0.6817075,1549.0,72.0,1670.0,134.0,356
0,Male,0.727945,715.0,576.0,847.0,638.0,357
1,Female,0.69174147,1548.0,71.0,1673.0,136.0,357
0,Male,0.7266071,709.0,579.0,848.0,639.0,358
1,Female,0.7124606,1545.0,71.0,1676.0,137.0,358
0,Male,0.7481221,703.0,580.0,850.0,640.0,359
1,Female,0.71581817,1545.0,71.0,1675.0,142.0,359
0,Male,0.7519806,707.0,579.0,850.0,639.0,360
0,Male,0.7332163,705.0,580.0,847.0,640.0,361
0,Male,0.7373222,705.0,579.0,847.0,640.0,362
0,Male,0.73180664,703.0,579.0,847.0,640.0,363
0,Male,0.73865616,705.0,578.0,846.0,639.0,364
0,Male,0.72816443,705.0,577.0,844.0,639.0,365
0,Male,0.6092384,704.0,568.0,837.0,638.0,366
0,Male,0.6561173,713.0,558.0,829.0,634.0,367
1,Female,0.6898123,728.0,296.0,846.0,384.0,381
1,Female,0.71308357,723.0,313.0,836.0,384.0,382
1,Female,0.7232137,724.0,313.0,836.0,385.0,383
1,Female,0.7442319,727.0,314.0,841.0,385.0,384
1,Female,0.74685067,728.0,314.0,845.0,384.0,385
1,Female,0.7283399,732.0,313.0,847.0,383.0,386
1,Female,0.72318953,734.0,314.0,847.0,383.0,387
1,Female,0.7254293,734.0,314.0,848.0,384.0,388
1,Female,0.7236874,734.0,313.0,847.0,385.0,389
1,Female,0.7325912,733.0,314.0,845.0,383.0,390
1,Female,0.7446486,732.0,315.0,840.0,384.0,391
1,Female,0.70865065,731.0,313.0,849.0,384.0,392
0,Male,0.6808769,1827.0,758.0,1919.0,867.0,393
0,Male,0.517575,1830.0,761.0,1919.0,862.0,394
0,Male,0.7205067,1831.0,772.0,1918.0,862.0,395
0,Male,0.6860994,1831.0,771.0,1919.0,868.0,396
0,Male,0.6985321,1832.0,769.0,1919.0,870.0,397
0,Male,0.68203527,1833.0,769.0,1919.0,872.0,398
0,Male,0.53422385,1826.0,773.0,1918.0,866.0,399
1,Female,0.5524178,1863.0,647.0,1919.0,758.0,415
1,Female,0.6991684,1865.0,646.0,1919.0,751.0,417
1,Female,0.7212584,1863.0,646.0,1920.0,749.0,418
1,Female,0.726979,1862.0,646.0,1920.0,751.0,419
1,Female,0.7287981,1863.0,647.0,1920.0,749.0,420
0,Male,0.5926141,1505.0,363.0,1579.0,415.0,420
1,Female,0.7311521,1863.0,648.0,1919.0,750.0,421
0,Male,0.68019795,1505.0,360.0,1578.0,410.0,421
1,Female,0.7179881,1863.0,647.0,1919.0,751.0,422
0,Male,0.6672051,1504.0,361.0,1574.0,410.0,422
1,Female,0.7167709,1863.0,647.0,1919.0,750.0,423
0,Male,0.6622182,1504.0,361.0,1572.0,410.0,423
1,Female,0.68823993,1864.0,647.0,1920.0,750.0,424
0,Male,0.6759821,1502.0,360.0,1571.0,409.0,424
1,Female,0.69615906,1864.0,646.0,1920.0,749.0,425
0,Male,0.67839146,1503.0,360.0,1572.0,409.0,425
1,Female,0.70844626,1863.0,647.0,1919.0,750.0,426
0,Male,0.667569,1502.0,360.0,1571.0,408.0,426
0,Male,0.6753319,1502.0,361.0,1571.0,409.0,427
1,Female,0.63624984,1863.0,645.0,1919.0,749.0,427
0,Male,0.67259634,1502.0,360.0,1571.0,409.0,428
1,Female,0.6562894,1863.0,646.0,1919.0,751.0,428
1,Female,0.6861423,1863.0,647.0,1919.0,750.0,429
0,Male,0.6775351,1502.0,360.0,1571.0,408.0,429
0,Male,0.67731375,1502.0,360.0,1571.0,408.0,430
1,Female,0.6453553,1862.0,645.0,1919.0,748.0,430
0,Male,0.6797997,1502.0,360.0,1572.0,408.0,431
1,Female,0.65164006,1863.0,645.0,1920.0,748.0,431
0,Male,0.67776567,1502.0,360.0,1571.0,409.0,432
1,Female,0.6759779,1862.0,645.0,1919.0,749.0,432
1,Female,0.6815422,1862.0,646.0,1919.0,750.0,433
0,Male,0.6779671,1503.0,360.0,1572.0,408.0,433
1,Female,0.6939506,1861.0,644.0,1919.0,749.0,434
0,Male,0.6750908,1502.0,360.0,1571.0,408.0,434
0,Male,0.6825088,1504.0,360.0,1573.0,408.0,435
0,Male,0.6841428,1504.0,360.0,1572.0,408.0,436
0,Male,0.6788819,1504.0,360.0,1572.0,408.0,437
0,Male,0.6835437,1503.0,360.0,1573.0,408.0,438
0,Male,0.68235344,1503.0,360.0,1573.0,409.0,439
1,Female,0.6087551,1862.0,641.0,1919.0,749.0,439
0,Male,0.68899834,1501.0,360.0,1572.0,408.0,440
0,Male,0.68821925,1501.0,360.0,1573.0,408.0,441
0,Male,0.68585145,1501.0,360.0,1574.0,408.0,442
0,Male,0.6869249,1502.0,360.0,1575.0,408.0,443
0,Male,0.6843015,1502.0,360.0,1574.0,408.0,444
0,Male,0.6834684,1502.0,360.0,1574.0,409.0,445
0,Male,0.68213433,1502.0,360.0,1574.0,409.0,446
0,Male,0.67793417,1502.0,360.0,1575.0,409.0,447
0,Male,0.6887817,1502.0,361.0,1579.0,409.0,448
0,Male,0.69754696,1502.0,361.0,1584.0,409.0,449
0,Male,0.6981791,1500.0,361.0,1587.0,410.0,450
0,Male,0.6984608,1500.0,361.0,1588.0,409.0,451
0,Male,0.69474095,1500.0,362.0,1590.0,409.0,452
0,Male,0.6946183,1501.0,362.0,1591.0,409.0,453
0,Male,0.6940148,1501.0,362.0,1591.0,409.0,454
0,Male,0.6925339,1502.0,362.0,1591.0,409.0,455
0,Male,0.6926089,1501.0,362.0,1590.0,409.0,456
0,Male,0.68118215,1501.0,360.0,1586.0,407.0,457
1,Female,0.69066405,1522.0,132.0,1655.0,191.0,464
1,Female,0.7375104,1515.0,130.0,1651.0,184.0,465
1,Female,0.7412691,1517.0,130.0,1653.0,183.0,466
1,Female,0.7362599,1516.0,129.0,1656.0,184.0,467
1,Female,0.7429209,1516.0,129.0,1656.0,184.0,468
1,Female,0.736048,1517.0,130.0,1656.0,185.0,469
1,Female,0.7354973,1518.0,130.0,1656.0,185.0,470
1,Female,0.7373532,1518.0,130.0,1657.0,184.0,471
1,Female,0.72626126,1519.0,129.0,1656.0,183.0,472
1,Female,0.7258582,1519.0,127.0,1650.0,185.0,473
1,Female,0.7318289,1518.0,128.0,1643.0,187.0,474
1,Female,0.7137049,1519.0,129.0,1641.0,189.0,475
1,Female,0.6810634,1523.0,128.0,1643.0,197.0,476
0,Male,0.5191316,1794.0,830.0,1918.0,911.0,481
0,Male,0.516272,1790.0,826.0,1919.0,908.0,482
0,Male,0.5833881,1799.0,813.0,1918.0,909.0,484
0,Male,0.71646637,1367.0,887.0,1530.0,961.0,495
0,Male,0.70077956,1358.0,879.0,1519.0,958.0,496
0,Male,0.7328793,1358.0,868.0,1519.0,959.0,497
0,Male,0.7537206,1356.0,865.0,1516.0,959.0,498
0,Male,0.7614432,1354.0,865.0,1514.0,959.0,499
0,Male,0.73037255,1355.0,863.0,1512.0,958.0,500
1,Female,0.6684562,723.0,239.0,856.0,329.0,545
1,Female,0.73626184,714.0,242.0,851.0,324.0,546
1,Female,0.73432857,715.0,241.0,850.0,324.0,547
1,Female,0.75813776,715.0,239.0,853.0,324.0,548
1,Female,0.7668206,716.0,238.0,855.0,324.0,549
1,Female,0.76620185,719.0,238.0,855.0,324.0,550
1,Female,0.7584079,721.0,238.0,855.0,327.0,551
1,Female,0.7398101,724.0,238.0,856.0,328.0,552
1,Female,0.730337,724.0,238.0,854.0,328.0,553
1,Female,0.7420713,720.0,238.0,854.0,327.0,554
1,Female,0.7209151,719.0,238.0,854.0,326.0,555
1,Female,0.7328143,718.0,238.0,854.0,326.0,556
1,Female,0.7507668,723.0,238.0,854.0,325.0,557
1,Female,0.75278383,724.0,238.0,854.0,324.0,558
1,Female,0.7552482,720.0,238.0,855.0,326.0,559
1,Female,0.7454255,723.0,238.0,855.0,327.0,560
1,Female,0.74653065,721.0,239.0,857.0,327.0,561
1,Female,0.7457786,721.0,242.0,857.0,327.0,562
1,Female,0.7185718,717.0,245.0,862.0,328.0,563
0,Male,0.5166836,1492.0,237.0,1600.0,297.0,596
0,Male,0.6221816,1491.0,230.0,1567.0,287.0,598
0,Male,0.7052607,1491.0,229.0,1568.0,286.0,599
0,Male,0.7347127,1490.0,228.0,1567.0,284.0,600
0,Male,0.74191254,1490.0,228.0,1567.0,284.0,601
0,Male,0.7407132,1490.0,228.0,1567.0,284.0,602
0,Male,0.7410483,1489.0,228.0,1566.0,284.0,603
0,Male,0.75042325,1489.0,229.0,1567.0,286.0,604
0,Male,0.7500902,1490.0,229.0,1568.0,286.0,605
0,Male,0.74039584,1490.0,229.0,1567.0,286.0,606
0,Male,0.73229825,1491.0,229.0,1567.0,285.0,607
0,Male,0.7203654,1492.0,229.0,1570.0,285.0,608
0,Male,0.58677447,1490.0,227.0,1570.0,285.0,609
1,Female,0.5223145,1543.0,95.0,1657.0,170.0,625
1,Female,0.5309842,1533.0,101.0,1660.0,171.0,626
1,Female,0.7051143,1530.0,104.0,1660.0,170.0,627
1,Female,0.7278145,1525.0,103.0,1664.0,171.0,628
1,Female,0.73131204,1523.0,103.0,1667.0,172.0,629
0,Male,0.72339493,706.0,575.0,842.0,640.0,629
0,Male,0.7395821,700.0,580.0,843.0,640.0,630
1,Female,0.7355157,1523.0,105.0,1657.0,175.0,630
1,Female,0.75063473,1522.0,104.0,1662.0,175.0,631
0,Male,0.7313262,699.0,579.0,840.0,640.0,631
1,Female,0.7554815,1520.0,104.0,1661.0,175.0,632
0,Male,0.732464,696.0,579.0,838.0,639.0,632
1,Female,0.7468445,1522.0,106.0,1659.0,175.0,633
0,Male,0.7384935,698.0,579.0,837.0,639.0,633
0,Male,0.73541933,699.0,578.0,840.0,639.0,634
0,Male,0.7273081,698.0,578.0,838.0,640.0,635
0,Male,0.7331801,698.0,578.0,838.0,640.0,636
0,Male,0.7290638,698.0,578.0,839.0,639.0,637
0,Male,0.7395275,698.0,578.0,838.0,639.0,638
0,Male,0.7477201,698.0,577.0,837.0,638.0,639
0,Male,0.7577065,698.0,577.0,838.0,638.0,640
0,Male,0.6905181,698.0,569.0,834.0,637.0,641
0,Male,0.6424273,707.0,560.0,825.0,634.0,642
1,Female,0.53907657,710.0,308.0,842.0,381.0,656
1,Female,0.6715173,718.0,314.0,837.0,382.0,657
1,Female,0.70624334,721.0,316.0,840.0,383.0,658
1,Female,0.709639,725.0,314.0,842.0,381.0,659
1,Female,0.737934,730.0,314.0,842.0,380.0,660
1,Female,0.7481854,737.0,314.0,841.0,379.0,661
1,Female,0.73814404,736.0,313.0,842.0,380.0,662
1,Female,0.74391556,732.0,314.0,843.0,380.0,663
1,Female,0.7346775,732.0,314.0,841.0,381.0,664
1,Female,0.7172293,726.0,315.0,839.0,381.0,665
1,Female,0.6792994,733.0,315.0,838.0,381.0,666
1,Female,0.68719673,735.0,315.0,838.0,382.0,667
0,Male,0.6911925,1830.0,747.0,1919.0,857.0,668
1,Female,0.6762302,740.0,315.0,840.0,382.0,668
1,Female,0.6886593,738.0,315.0,840.0,383.0,669
0,Male,0.5112852,1833.0,751.0,1918.0,853.0,669
0,Male,0.72321117,1837.0,761.0,1919.0,852.0,670
1,Female,0.6404606,738.0,315.0,842.0,384.0,670
0,Male,0.67110145,1835.0,760.0,1919.0,855.0,671
1,Female,0.5753784,738.0,315.0,842.0,383.0,671
1,Female,0.69996893,737.0,315.0,842.0,384.0,672
0,Male,0.6653768,1836.0,759.0,1919.0,858.0,672
1,Female,0.71428525,736.0,314.0,844.0,384.0,673
0,Male,0.6847717,1836.0,759.0,1919.0,856.0,673
1,Female,0.7030634,735.0,314.0,843.0,384.0,674
0,Male,0.6826171,1835.0,759.0,1919.0,857.0,674
0,Male,0.6891663,1836.0,758.0,1919.0,857.0,675
1,Female,0.5643414,736.0,314.0,843.0,382.0,675
0,Male,0.69571406,1835.0,759.0,1919.0,857.0,676
1,Female,0.65495056,736.0,314.0,843.0,382.0,676
0,Male,0.6861261,1835.0,758.0,1919.0,857.0,677
1,Female,0.64115715,737.0,314.0,843.0,382.0,677
1,Female,0.703299,737.0,314.0,844.0,383.0,678
0,Male,0.6873122,1836.0,758.0,1919.0,856.0,678
1,Female,0.70385987,736.0,314.0,845.0,384.0,679
0,Male,0.6962948,1836.0,758.0,1919.0,856.0,679
1,Female,0.7263984,737.0,314.0,844.0,384.0,680
0,Male,0.7020048,1836.0,758.0,1919.0,855.0,680
0,Male,0.7021752,1836.0,758.0,1919.0,855.0,681
1,Female,0.6865158,737.0,314.0,844.0,383.0,681
0,Male,0.70157653,1836.0,758.0,1919.0,855.0,682
1,Female,0.6881619,736.0,314.0,844.0,383.0,682
1,Female,0.7358128,737.0,313.0,844.0,383.0,683
0,Male,0.69751614,1836.0,758.0,1919.0,857.0,683
1,Female,0.7061381,737.0,313.0,844.0,383.0,684
0,Male,0.69430345,1836.0,759.0,1919.0,858.0,684
1,Female,0.73732126,738.0,313.0,845.0,383.0,685
0,Male,0.6921539,1835.0,759.0,1919.0,861.0,685
1,Female,0.7511612,738.0,313.0,845.0,384.0,686
0,Male,0.69700885,1836.0,759.0,1919.0,859.0,686
1,Female,0.738523,738.0,314.0,845.0,385.0,687
0,Male,0.7030627,1836.0,759.0,1919.0,858.0,687
1,Female,0.74372053,738.0,313.0,845.0,384.0,688
0,Male,0.70134866,1836.0,759.0,1919.0,857.0,688
1,Female,0.7476066,738.0,313.0,845.0,384.0,689
0,Male,0.69767326,1837.0,759.0,1919.0,858.0,689
0,Male,0.70391136,1837.0,758.0,1919.0,856.0,690
1,Female,0.69488347,738.0,313.0,845.0,384.0,690
1,Female,0.72118855,737.0,313.0,845.0,384.0,691
0,Male,0.70679855,1839.0,759.0,1919.0,853.0,691
1,Female,0.7339082,737.0,313.0,845.0,384.0,692
0,Male,0.68890697,1842.0,764.0,1919.0,851.0,692
1,Female,0.69663715,736.0,313.0,845.0,384.0,693
1,Female,0.6683206,736.0,313.0,845.0,383.0,694
1,Female,0.6948103,737.0,313.0,845.0,384.0,695
1,Female,0.6115775,736.0,313.0,845.0,383.0,696
1,Female,0.66070426,738.0,313.0,845.0,383.0,697
1,Female,0.673413,738.0,312.0,846.0,382.0,698
1,Female,0.69659877,734.0,313.0,845.0,383.0,699
1,Female,0.70747036,735.0,313.0,846.0,383.0,700
1,Female,0.70619744,736.0,313.0,845.0,384.0,701
1,Female,0.72974867,736.0,313.0,844.0,384.0,702
1,Female,0.720556,737.0,313.0,844.0,384.0,703
1,Female,0.70734113,737.0,313.0,843.0,383.0,704
1,Female,0.6585363,737.0,313.0,846.0,382.0,705
1,Female,0.70043045,735.0,312.0,846.0,382.0,706
1,Female,0.70760053,735.0,312.0,844.0,382.0,707
1,Female,0.70115536,735.0,312.0,844.0,382.0,708
1,Female,0.72287655,736.0,312.0,843.0,382.0,709
1,Female,0.7367706,736.0,312.0,844.0,382.0,710
1,Female,0.7342406,737.0,311.0,844.0,382.0,711
1,Female,0.72790426,737.0,311.0,845.0,382.0,712
1,Female,0.7323339,737.0,311.0,844.0,383.0,713
1,Female,0.7395442,738.0,312.0,845.0,382.0,714
1,Female,0.738497,737.0,312.0,844.0,383.0,715
1,Female,0.74428326,737.0,312.0,843.0,382.0,716
0,Male,0.50482535,1495.0,331.0,1571.0,383.0,716
1,Female,0.7450802,737.0,312.0,845.0,382.0,717
0,Male,0.58552015,1503.0,331.0,1574.0,382.0,717
1,Female,0.7395732,737.0,312.0,845.0,381.0,718
0,Male,0.6716672,1504.0,330.0,1574.0,381.0,718
1,Female,0.73792446,737.0,312.0,844.0,383.0,719
0,Male,0.6718771,1504.0,329.0,1574.0,382.0,719
1,Female,0.7417055,737.0,312.0,845.0,382.0,720
0,Male,0.6599699,1504.0,329.0,1574.0,382.0,720
1,Female,0.7466505,737.0,312.0,845.0,382.0,721
0,Male,0.65692115,1504.0,330.0,1573.0,382.0,721
1,Female,0.7306802,737.0,312.0,847.0,382.0,722
0,Male,0.65893656,1504.0,330.0,1572.0,382.0,722
0,Male,0.657985,1503.0,330.0,1572.0,382.0,723
1,Female,0.5313236,735.0,309.0,841.0,383.0,723
0,Male,0.6574978,1503.0,330.0,1572.0,382.0,724
1,Female,0.5556255,734.0,314.0,861.0,384.0,724
0,Male,0.6617135,1503.0,331.0,1572.0,382.0,725
0,Male,0.66486424,1503.0,331.0,1571.0,383.0,726
0,Male,0.65561944,1503.0,331.0,1570.0,383.0,727
0,Male,0.65116274,1503.0,331.0,1570.0,383.0,728
0,Male,0.65233207,1503.0,331.0,1569.0,383.0,729
0,Male,0.65705276,1503.0,331.0,1569.0,382.0,730
0,Male,0.6369935,1502.0,330.0,1569.0,382.0,731
0,Male,0.58914936,1501.0,330.0,1566.0,379.0,732
0,Male,0.6088191,1491.0,325.0,1566.0,376.0,733
1,Female,0.71314013,1499.0,120.0,1592.0,198.0,746
1,Female,0.73588675,1514.0,137.0,1606.0,199.0,747
1,Female,0.7562277,1515.0,138.0,1612.0,199.0,748
1,Female,0.7526196,1517.0,138.0,1616.0,199.0,749
1,Female,0.786373,1518.0,137.0,1620.0,199.0,750
1,Female,0.77990746,1517.0,137.0,1619.0,198.0,751
1,Female,0.7758018,1517.0,137.0,1617.0,198.0,752
1,Female,0.77859503,1518.0,137.0,1617.0,199.0,753
0,Male,0.5372112,1774.0,829.0,1916.0,912.0,753
1,Female,0.78012854,1517.0,138.0,1619.0,200.0,754
1,Female,0.7736228,1516.0,138.0,1624.0,200.0,755
0,Male,0.52150404,1789.0,836.0,1918.0,914.0,755
1,Female,0.6198354,1512.0,131.0,1618.0,201.0,756
0,Male,0.5342554,1789.0,835.0,1919.0,914.0,756
0,Male,0.55189854,1785.0,834.0,1918.0,912.0,757
0,Male,0.5609741,1786.0,834.0,1919.0,913.0,758
0,Male,0.5769452,1788.0,835.0,1918.0,913.0,759
0,Male,0.64741606,1808.0,802.0,1918.0,912.0,763
1,Female,0.6012319,1814.0,295.0,1914.0,386.0,771
0,Male,0.64264387,1392.0,874.0,1547.0,953.0,774
0,Male,0.64964724,1383.0,865.0,1545.0,946.0,775
0,Male,0.6991732,1375.0,858.0,1543.0,946.0,776
0,Male,0.70248264,1374.0,850.0,1540.0,946.0,777
0,Male,0.7103148,1372.0,847.0,1537.0,946.0,778
0,Male,0.7204873,1371.0,844.0,1535.0,945.0,779
0,Male,0.7250498,1370.0,844.0,1535.0,946.0,780
1,Female,0.6476106,745.0,245.0,868.0,314.0,826
1,Female,0.7032914,740.0,241.0,837.0,315.0,827
1,Female,0.745242,739.0,242.0,833.0,315.0,828
1,Female,0.7395427,739.0,242.0,833.0,315.0,829
1,Female,0.7478156,740.0,242.0,834.0,314.0,830
1,Female,0.7490207,742.0,242.0,835.0,314.0,831
1,Female,0.76098037,744.0,241.0,840.0,315.0,832
1,Female,0.77467924,745.0,243.0,840.0,316.0,833
1,Female,0.77063847,746.0,243.0,841.0,317.0,834
1,Female,0.76838815,745.0,243.0,841.0,317.0,835
1,Female,0.7677439,743.0,244.0,839.0,317.0,836
1,Female,0.76853377,743.0,243.0,839.0,316.0,837
1,Female,0.7744761,744.0,243.0,840.0,317.0,838
1,Female,0.77324516,745.0,242.0,841.0,317.0,839
1,Female,0.7620302,746.0,241.0,843.0,317.0,840
1,Female,0.7547295,745.0,240.0,856.0,319.0,841
1,Female,0.5301624,739.0,230.0,885.0,318.0,842
1,Female,0.6589756,1858.0,618.0,1919.0,722.0,870
1,Female,0.502121,1863.0,617.0,1919.0,716.0,871
0,Male,0.6067058,1491.0,243.0,1603.0,299.0,876
0,Male,0.5210745,1489.0,238.0,1577.0,295.0,877
0,Male,0.6540625,1490.0,235.0,1566.0,293.0,878
0,Male,0.70082223,1488.0,235.0,1566.0,292.0,879
0,Male,0.68043876,1488.0,235.0,1564.0,291.0,880
0,Male,0.6902758,1489.0,234.0,1565.0,290.0,881
0,Male,0.6863643,1488.0,234.0,1565.0,290.0,882
0,Male,0.68793374,1489.0,235.0,1566.0,291.0,883
0,Male,0.6937855,1489.0,235.0,1566.0,291.0,884
0,Male,0.69211775,1490.0,235.0,1568.0,292.0,885
0,Male,0.5756683,1491.0,234.0,1568.0,291.0,886
1,Female,0.5938,1590.0,89.0,1695.0,169.0,898
1,Female,0.5990715,1569.0,87.0,1680.0,164.0,899
1,Female,0.6337685,1553.0,88.0,1654.0,162.0,900
1,Female,0.5355166,1538.0,95.0,1663.0,164.0,902
1,Female,0.61140215,1537.0,97.0,1663.0,163.0,903
1,Female,0.6903176,1534.0,98.0,1663.0,165.0,904
1,Female,0.72851247,1532.0,96.0,1665.0,165.0,905
1,Female,0.7421951,1530.0,94.0,1670.0,167.0,906
0,Male,0.70550305,700.0,527.0,836.0,605.0,906
0,Male,0.7573256,700.0,530.0,844.0,604.0,907
1,Female,0.73384726,1528.0,94.0,1668.0,167.0,907
0,Male,0.77208275,700.0,532.0,842.0,603.0,908
1,Female,0.729634,1527.0,96.0,1668.0,167.0,908
0,Male,0.7703067,697.0,535.0,837.0,604.0,909
1,Female,0.7123891,1525.0,96.0,1668.0,166.0,909
0,Male,0.77137965,695.0,535.0,834.0,604.0,910
0,Male,0.76730484,694.0,535.0,834.0,605.0,911
0,Male,0.77310795,694.0,535.0,833.0,605.0,912
1,Female,0.61241925,1480.0,98.0,1643.0,156.0,912
0,Male,0.7712871,694.0,535.0,832.0,605.0,913
0,Male,0.7702178,694.0,535.0,830.0,606.0,914
0,Male,0.7815572,693.0,534.0,831.0,603.0,915
0,Male,0.78846586,694.0,533.0,830.0,603.0,916
0,Male,0.76372004,695.0,530.0,826.0,603.0,917
0,Male,0.74007237,696.0,521.0,824.0,600.0,918
1,Female,0.7259971,735.0,283.0,859.0,374.0,932
1,Female,0.6839154,731.0,296.0,843.0,376.0,933
1,Female,0.7533857,732.0,308.0,833.0,377.0,934
1,Female,0.7610404,733.0,308.0,835.0,376.0,935
1,Female,0.7681871,734.0,308.0,837.0,376.0,936
1,Female,0.7619425,736.0,309.0,839.0,376.0,937
1,Female,0.7681552,735.0,308.0,837.0,375.0,938
1,Female,0.7752368,735.0,308.0,837.0,374.0,939
1,Female,0.7760145,735.0,308.0,838.0,374.0,940
1,Female,0.7720228,735.0,308.0,839.0,375.0,941
1,Female,0.7659594,734.0,307.0,838.0,375.0,942
1,Female,0.76627076,735.0,308.0,840.0,376.0,943
1,Female,0.7644238,736.0,309.0,840.0,377.0,944
1,Female,0.74100894,734.0,309.0,847.0,376.0,945
0,Male,0.67559844,1826.0,740.0,1919.0,849.0,946
0,Male,0.68549424,1826.0,745.0,1919.0,845.0,947
0,Male,0.7116973,1826.0,750.0,1919.0,846.0,948
0,Male,0.72876596,1826.0,748.0,1919.0,847.0,949
0,Male,0.73814094,1826.0,748.0,1919.0,847.0,950
0,Male,0.7358942,1826.0,749.0,1919.0,848.0,951
0,Male,0.72985834,1828.0,748.0,1919.0,848.0,952
0,Male,0.6972044,1828.0,750.0,1918.0,850.0,953
0,Male,0.52574265,1497.0,384.0,1576.0,434.0,974
0,Male,0.6709754,1496.0,379.0,1577.0,429.0,975
0,Male,0.6857199,1497.0,378.0,1576.0,427.0,976
0,Male,0.69175714,1495.0,377.0,1575.0,426.0,977
0,Male,0.69179124,1496.0,378.0,1575.0,426.0,978
0,Male,0.69615686,1496.0,378.0,1575.0,426.0,979
0,Male,0.699055,1495.0,377.0,1574.0,425.0,980
0,Male,0.6977304,1495.0,377.0,1574.0,426.0,981
0,Male,0.68574685,1495.0,377.0,1574.0,426.0,982
0,Male,0.6945777,1495.0,377.0,1573.0,425.0,983
0,Male,0.6948647,1496.0,377.0,1573.0,425.0,984
0,Male,0.6878201,1494.0,377.0,1572.0,426.0,985
0,Male,0.6898109,1494.0,378.0,1575.0,426.0,986
0,Male,0.69807285,1494.0,378.0,1580.0,426.0,987
0,Male,0.7053038,1495.0,378.0,1584.0,426.0,988
0,Male,0.7125339,1495.0,379.0,1588.0,426.0,989
0,Male,0.70570916,1496.0,378.0,1590.0,426.0,990
0,Male,0.70741874,1496.0,379.0,1591.0,427.0,991
0,Male,0.7061109,1496.0,379.0,1591.0,427.0,992
0,Male,0.7081781,1496.0,379.0,1591.0,427.0,993
0,Male,0.7038636,1494.0,379.0,1589.0,427.0,994
0,Male,0.6795767,1489.0,378.0,1584.0,426.0,995
0,Male,0.54286,1488.0,376.0,1571.0,426.0,996
1,Female,0.5975891,1522.0,167.0,1660.0,217.0,1002
1,Female,0.7179315,1519.0,169.0,1655.0,226.0,1003
1,Female,0.7345792,1514.0,169.0,1647.0,225.0,1004
1,Female,0.7147387,1504.0,170.0,1644.0,226.0,1005
1,Female,0.7238801,1510.0,172.0,1643.0,229.0,1006
1,Female,0.72014046,1514.0,172.0,1647.0,229.0,1007
1,Female,0.725787,1513.0,172.0,1651.0,229.0,1008
1,Female,0.7242386,1512.0,173.0,1649.0,230.0,1009
1,Female,0.7330047,1511.0,172.0,1648.0,231.0,1010
1,Female,0.72451144,1511.0,172.0,1647.0,230.0,1011
1,Female,0.706554,1511.0,171.0,1647.0,232.0,1012
1,Female,0.7181329,1512.0,170.0,1647.0,232.0,1013
1,Female,0.72314703,1512.0,170.0,1646.0,230.0,1014
1,Female,0.7136318,1509.0,172.0,1645.0,234.0,1015
1,Female,0.7145664,1509.0,171.0,1644.0,235.0,1016
1,Female,0.6842752,1507.0,171.0,1646.0,237.0,1017
0,Male,0.5533038,1781.0,822.0,1916.0,909.0,1017
1,Female,0.7153106,1513.0,170.0,1645.0,240.0,1018
0,Male,0.5132469,1778.0,823.0,1917.0,910.0,1018
1,Female,0.58536595,1515.0,170.0,1656.0,249.0,1019
0,Male,0.5765182,1794.0,831.0,1918.0,915.0,1020
0,Male,0.5510894,1790.0,827.0,1919.0,912.0,1021
0,Male,0.5810475,1791.0,825.0,1919.0,912.0,1022
0,Male,0.52645403,1794.0,821.0,1918.0,913.0,1023
0,Male,0.63192403,1807.0,799.0,1917.0,906.0,1025
1,Female,0.52571505,1826.0,387.0,1919.0,474.0,1033
0,Male,0.67031705,1385.0,885.0,1545.0,959.0,1036
0,Male,0.6812294,1379.0,876.0,1541.0,955.0,1037
0,Male,0.6906479,1373.0,865.0,1539.0,952.0,1038
0,Male,0.7164834,1372.0,861.0,1537.0,955.0,1039
0,Male,0.7240381,1370.0,859.0,1534.0,954.0,1040
0,Male,0.7239438,1369.0,859.0,1534.0,956.0,1041
0,Male,0.7150792,1371.0,859.0,1533.0,955.0,1042
1,Female,0.5059127,732.0,293.0,846.0,366.0,1088
1,Female,0.7522873,730.0,299.0,832.0,366.0,1089
1,Female,0.7465216,730.0,299.0,827.0,366.0,1090
1,Female,0.7459946,731.0,299.0,827.0,365.0,1091
1,Female,0.74401635,732.0,300.0,829.0,366.0,1092
1,Female,0.7416923,735.0,301.0,830.0,369.0,1093
1,Female,0.73916006,735.0,302.0,829.0,370.0,1094
1,Female,0.7117991,736.0,303.0,829.0,370.0,1095
1,Female,0.69131905,735.0,303.0,829.0,370.0,1096
1,Female,0.72950405,734.0,303.0,828.0,370.0,1097
1,Female,0.707059,733.0,303.0,828.0,370.0,1098
1,Female,0.68547,733.0,302.0,826.0,369.0,1099
1,Female,0.6827827,734.0,302.0,826.0,369.0,1100
1,Female,0.7087233,734.0,302.0,826.0,369.0,1101
1,Female,0.7578156,735.0,301.0,836.0,369.0,1102
1,Female,0.7810644,734.0,304.0,853.0,368.0,1103
1,Female,0.782835,734.0,305.0,858.0,369.0,1104
1,Female,0.7813283,734.0,304.0,861.0,369.0,1105
1,Female,0.78058946,735.0,304.0,861.0,369.0,1106
1,Female,0.7806976,735.0,304.0,861.0,370.0,1107
1,Female,0.77647287,736.0,303.0,862.0,369.0,1108
1,Female,0.7758502,737.0,304.0,863.0,370.0,1109
1,Female,0.7802425,737.0,304.0,864.0,368.0,1110
1,Female,0.7830355,737.0,305.0,865.0,369.0,1111
1,Female,0.7843737,736.0,305.0,864.0,370.0,1112
1,Female,0.7866182,736.0,305.0,863.0,370.0,1113
1,Female,0.78661996,737.0,305.0,864.0,370.0,1114
1,Female,0.7818671,736.0,305.0,863.0,370.0,1115
1,Female,0.7818095,736.0,305.0,863.0,370.0,1116
1,Female,0.7783742,736.0,305.0,864.0,370.0,1117
1,Female,0.7784885,736.0,304.0,863.0,369.0,1118
1,Female,0.77848816,737.0,304.0,864.0,369.0,1119
1,Female,0.7768877,736.0,304.0,863.0,370.0,1120
1,Female,0.77637696,736.0,304.0,863.0,371.0,1121
1,Female,0.77685994,735.0,304.0,863.0,370.0,1122
1,Female,0.78070134,735.0,304.0,863.0,370.0,1123
1,Female,0.78162056,736.0,305.0,863.0,371.0,1124
1,Female,0.77462417,735.0,304.0,864.0,371.0,1125
1,Female,0.7794702,735.0,304.0,864.0,370.0,1126
1,Female,0.7760017,735.0,304.0,863.0,371.0,1127
1,Female,0.77322775,735.0,304.0,864.0,371.0,1128
1,Female,0.7741386,735.0,304.0,865.0,371.0,1129
1,Female,0.7759354,734.0,304.0,864.0,371.0,1130
1,Female,0.77536774,734.0,304.0,864.0,371.0,1131
1,Female,0.77317476,734.0,304.0,863.0,371.0,1132
1,Female,0.77542436,734.0,304.0,864.0,371.0,1133
1,Female,0.7792213,734.0,304.0,864.0,371.0,1134
1,Female,0.7780003,734.0,304.0,864.0,371.0,1135
1,Female,0.7759361,735.0,304.0,864.0,371.0,1136
1,Female,0.7756038,734.0,304.0,863.0,371.0,1137
1,Female,0.77134496,735.0,304.0,865.0,371.0,1138
1,Female,0.7756765,735.0,305.0,864.0,371.0,1139
1,Female,0.7864261,735.0,305.0,864.0,370.0,1140
1,Female,0.77404106,736.0,305.0,858.0,370.0,1141
1,Female,0.77368826,736.0,304.0,850.0,371.0,1142
1,Female,0.7810529,736.0,303.0,845.0,371.0,1143
1,Female,0.7735374,735.0,303.0,841.0,371.0,1144
1,Female,0.7547975,735.0,303.0,841.0,371.0,1145
1,Female,0.7674867,735.0,303.0,841.0,371.0,1146
1,Female,0.76510245,735.0,304.0,840.0,371.0,1147
1,Female,0.7617387,735.0,304.0,841.0,371.0,1148
1,Female,0.7567975,735.0,304.0,841.0,371.0,1149
1,Female,0.7525084,735.0,303.0,841.0,370.0,1150
1,Female,0.7632088,736.0,304.0,841.0,371.0,1151
1,Female,0.7679687,736.0,304.0,841.0,371.0,1152
1,Female,0.7695419,736.0,304.0,841.0,371.0,1153
1,Female,0.7696579,735.0,304.0,840.0,371.0,1154
1,Female,0.77533877,736.0,305.0,840.0,370.0,1155
1,Female,0.77127534,736.0,305.0,841.0,371.0,1156
1,Female,0.7754785,736.0,304.0,840.0,370.0,1157
1,Female,0.7738984,735.0,304.0,839.0,370.0,1158
1,Female,0.77105725,736.0,304.0,841.0,370.0,1159
1,Female,0.77230155,736.0,304.0,841.0,370.0,1160
1,Female,0.77551115,736.0,304.0,841.0,370.0,1161
1,Female,0.77128744,735.0,304.0,840.0,370.0,1162
1,Female,0.77471256,736.0,304.0,840.0,370.0,1163
1,Female,0.776348,736.0,304.0,840.0,370.0,1164
1,Female,0.77620226,736.0,304.0,839.0,371.0,1165
1,Female,0.7783477,736.0,304.0,839.0,370.0,1166
1,Female,0.77577585,736.0,304.0,840.0,371.0,1167
1,Female,0.7610612,736.0,301.0,843.0,371.0,1168
1,Female,0.6642486,734.0,301.0,855.0,372.0,1169
1,Female,0.61352515,735.0,300.0,848.0,372.0,1170
1,Female,0.7529806,735.0,302.0,843.0,371.0,1171
1,Female,0.7682588,735.0,304.0,843.0,371.0,1172
1,Female,0.7643391,735.0,302.0,843.0,371.0,1173
1,Female,0.7625229,735.0,302.0,843.0,371.0,1174
1,Female,0.7622582,735.0,302.0,843.0,371.0,1175
1,Female,0.7719391,736.0,303.0,844.0,371.0,1176
1,Female,0.770949,735.0,303.0,843.0,371.0,1177
1,Female,0.7713949,735.0,303.0,843.0,372.0,1178
1,Female,0.7721131,736.0,303.0,844.0,371.0,1179
1,Female,0.76962787,736.0,303.0,844.0,372.0,1180
1,Female,0.77262014,736.0,303.0,843.0,371.0,1181
1,Female,0.7719884,736.0,303.0,843.0,371.0,1182
1,Female,0.771472,736.0,304.0,844.0,371.0,1183
1,Female,0.7629959,735.0,304.0,843.0,372.0,1184
1,Female,0.77576345,736.0,304.0,839.0,372.0,1185
1,Female,0.78103083,736.0,303.0,837.0,371.0,1186
1,Female,0.7799749,736.0,303.0,834.0,371.0,1187
1,Female,0.780759,736.0,303.0,833.0,370.0,1188
1,Female,0.78167963,736.0,303.0,832.0,370.0,1189
1,Female,0.77520025,736.0,303.0,831.0,370.0,1190
1,Female,0.7734698,736.0,303.0,831.0,370.0,1191
1,Female,0.7711288,736.0,303.0,831.0,370.0,1192
1,Female,0.76670414,735.0,303.0,830.0,371.0,1193
1,Female,0.7636083,736.0,303.0,831.0,371.0,1194
1,Female,0.7609899,736.0,303.0,832.0,371.0,1195
1,Female,0.7623133,736.0,303.0,831.0,371.0,1196
1,Female,0.7571886,736.0,303.0,831.0,370.0,1197
1,Female,0.76051456,736.0,303.0,831.0,370.0,1198
1,Female,0.76104885,736.0,303.0,831.0,370.0,1199
1,Female,0.757095,736.0,304.0,830.0,370.0,1200
1,Female,0.75583285,736.0,304.0,831.0,370.0,1201
1,Female,0.75716203,736.0,304.0,831.0,370.0,1202
1,Female,0.74554205,736.0,304.0,831.0,370.0,1203
1,Female,0.7552577,736.0,304.0,830.0,370.0,1204
1,Female,0.74457103,736.0,304.0,831.0,370.0,1205
1,Female,0.7703803,735.0,303.0,830.0,371.0,1206
1,Female,0.7677225,736.0,301.0,833.0,370.0,1207
1,Female,0.77449644,736.0,302.0,835.0,371.0,1208
1,Female,0.77542186,736.0,302.0,837.0,370.0,1209
1,Female,0.7701182,736.0,302.0,838.0,371.0,1210
1,Female,0.70652413,733.0,301.0,855.0,371.0,1211
1,Female,0.7428486,1847.0,682.0,1919.0,797.0,1239
1,Female,0.7492313,1847.0,682.0,1919.0,794.0,1240
1,Female,0.72722906,1848.0,682.0,1919.0,793.0,1241
1,Female,0.7173177,1852.0,681.0,1920.0,791.0,1242
1,Female,0.7202186,1854.0,682.0,1919.0,792.0,1243
1,Female,0.7176887,1855.0,682.0,1919.0,792.0,1244
1,Female,0.72596216,1855.0,682.0,1919.0,792.0,1245
0,Male,0.5261602,1490.0,218.0,1609.0,283.0,1245
1,Female,0.7160895,1855.0,682.0,1919.0,792.0,1246
0,Male,0.5624727,1490.0,224.0,1601.0,282.0,1246
1,Female,0.68252826,1855.0,682.0,1919.0,792.0,1247
0,Male,0.5823857,1489.0,224.0,1588.0,280.0,1247
1,Female,0.70353353,1855.0,682.0,1919.0,792.0,1248
0,Male,0.5781314,1488.0,219.0,1573.0,278.0,1248
1,Female,0.6875054,1856.0,683.0,1919.0,793.0,1249
0,Male,0.670003,1489.0,219.0,1572.0,275.0,1249
0,Male,0.6986608,1490.0,218.0,1574.0,274.0,1250
1,Female,0.6461729,1856.0,683.0,1919.0,794.0,1250
0,Male,0.7109508,1491.0,218.0,1574.0,274.0,1251
1,Female,0.6270459,1860.0,683.0,1920.0,794.0,1251
0,Male,0.7056549,1491.0,217.0,1575.0,273.0,1252
0,Male,0.7022685,1491.0,217.0,1575.0,273.0,1253
0,Male,0.70580876,1490.0,217.0,1574.0,273.0,1254
0,Male,0.700641,1491.0,217.0,1575.0,274.0,1255
0,Male,0.69497085,1491.0,217.0,1575.0,274.0,1256
0,Male,0.6964741,1492.0,217.0,1575.0,274.0,1257
0,Male,0.7082469,1494.0,217.0,1576.0,274.0,1258
0,Male,0.5022991,1492.0,213.0,1578.0,274.0,1259
1,Female,0.6201189,1541.0,106.0,1651.0,171.0,1275
1,Female,0.64258844,1535.0,108.0,1661.0,170.0,1276
1,Female,0.6854674,1531.0,108.0,1663.0,172.0,1277
0,Male,0.5593453,682.0,448.0,782.0,559.0,1277
1,Female,0.711557,1529.0,106.0,1666.0,172.0,1278
0,Male,0.525075,674.0,470.0,787.0,554.0,1278
1,Female,0.7141844,1530.0,104.0,1667.0,171.0,1279
0,Male,0.69222337,676.0,464.0,813.0,552.0,1279
0,Male,0.76395994,681.0,468.0,817.0,550.0,1280
1,Female,0.7355088,1530.0,103.0,1670.0,174.0,1280
0,Male,0.7675394,679.0,469.0,816.0,550.0,1281
1,Female,0.73380816,1530.0,104.0,1666.0,173.0,1281
0,Male,0.7662079,678.0,469.0,814.0,550.0,1282
1,Female,0.74211854,1529.0,104.0,1668.0,173.0,1282
0,Male,0.7633292,677.0,470.0,813.0,551.0,1283
1,Female,0.7302643,1529.0,104.0,1665.0,173.0,1283
0,Male,0.7607486,676.0,469.0,812.0,551.0,1284
1,Female,0.7139174,1528.0,105.0,1665.0,175.0,1284
0,Male,0.7567233,676.0,469.0,812.0,551.0,1285
1,Female,0.71808654,1528.0,105.0,1665.0,175.0,1285
0,Male,0.75739145,676.0,469.0,812.0,551.0,1286
1,Female,0.730497,1528.0,105.0,1666.0,175.0,1286
0,Male,0.75585157,675.0,469.0,813.0,552.0,1287
1,Female,0.74142396,1528.0,105.0,1667.0,175.0,1287
0,Male,0.7553585,675.0,469.0,814.0,553.0,1288
1,Female,0.74087125,1528.0,105.0,1667.0,174.0,1288
0,Male,0.7511791,675.0,468.0,813.0,552.0,1289
1,Female,0.74244565,1528.0,105.0,1665.0,175.0,1289
0,Male,0.7623252,673.0,468.0,813.0,553.0,1290
1,Female,0.72631925,1527.0,106.0,1664.0,175.0,1290
0,Male,0.7633341,674.0,468.0,813.0,553.0,1291
1,Female,0.7354459,1527.0,106.0,1663.0,175.0,1291
0,Male,0.7629039,675.0,468.0,813.0,553.0,1292
1,Female,0.68280536,1527.0,106.0,1662.0,173.0,1292
0,Male,0.76413566,674.0,468.0,812.0,554.0,1293
0,Male,0.7667898,674.0,468.0,812.0,554.0,1294
0,Male,0.7670554,674.0,469.0,813.0,555.0,1295
1,Female,0.58053344,1499.0,102.0,1641.0,165.0,1295
0,Male,0.7636497,673.0,469.0,813.0,554.0,1296
0,Male,0.7601164,673.0,469.0,813.0,554.0,1297
1,Female,0.57323635,1462.0,83.0,1599.0,167.0,1297
0,Male,0.76146036,673.0,469.0,813.0,553.0,1298
0,Male,0.7608083,673.0,470.0,813.0,554.0,1299
0,Male,0.7611663,674.0,469.0,814.0,553.0,1300
0,Male,0.75038636,674.0,465.0,811.0,552.0,1301
0,Male,0.6835067,675.0,458.0,807.0,551.0,1302
1,Female,0.54321617,725.0,203.0,867.0,270.0,1319
1,Female,0.69100696,735.0,203.0,859.0,273.0,1320
1,Female,0.6946237,736.0,203.0,859.0,272.0,1321
1,Female,0.6795335,736.0,203.0,862.0,269.0,1322
1,Female,0.71947765,750.0,198.0,856.0,271.0,1323
1,Female,0.70038754,748.0,198.0,861.0,270.0,1324
1,Female,0.7129911,747.0,198.0,858.0,271.0,1325
1,Female,0.7078871,743.0,199.0,861.0,270.0,1326
1,Female,0.7110893,740.0,199.0,862.0,271.0,1327
1,Female,0.70540154,737.0,200.0,864.0,271.0,1328
1,Female,0.7032339,738.0,200.0,863.0,270.0,1329
1,Female,0.66486865,737.0,200.0,863.0,270.0,1330
1,Female,0.7016282,748.0,199.0,864.0,271.0,1331
0,Male,0.5010328,1827.0,758.0,1919.0,869.0,1331
1,Female,0.7233173,754.0,197.0,865.0,271.0,1332
0,Male,0.60810167,1829.0,764.0,1919.0,870.0,1332
1,Female,0.71534497,755.0,197.0,864.0,270.0,1333
0,Male,0.6312636,1830.0,765.0,1919.0,871.0,1333
1,Female,0.70007825,752.0,197.0,865.0,270.0,1334
0,Male,0.6127974,1831.0,766.0,1919.0,873.0,1334
1,Female,0.7182902,754.0,197.0,864.0,271.0,1335
0,Male,0.6658839,1830.0,763.0,1919.0,869.0,1335
1,Female,0.7044944,753.0,196.0,864.0,271.0,1336
0,Male,0.653053,1830.0,763.0,1919.0,870.0,1336
1,Female,0.70730597,753.0,196.0,864.0,271.0,1337
0,Male,0.6432582,1830.0,764.0,1919.0,872.0,1337
1,Female,0.7193235,753.0,196.0,863.0,271.0,1338
0,Male,0.6395514,1831.0,766.0,1919.0,873.0,1338
1,Female,0.7410237,754.0,196.0,857.0,271.0,1339
0,Male,0.6359856,1829.0,765.0,1919.0,873.0,1339
1,Female,0.735238,756.0,195.0,853.0,270.0,1340
0,Male,0.64952284,1830.0,764.0,1919.0,872.0,1340
1,Female,0.73311484,757.0,195.0,849.0,266.0,1341
0,Male,0.6547091,1829.0,763.0,1919.0,869.0,1341
1,Female,0.7204217,757.0,196.0,850.0,268.0,1342
0,Male,0.65183055,1830.0,764.0,1919.0,871.0,1342
1,Female,0.7431936,757.0,196.0,851.0,271.0,1343
0,Male,0.6623022,1829.0,762.0,1919.0,867.0,1343
1,Female,0.74928164,757.0,196.0,851.0,270.0,1344
0,Male,0.65709203,1829.0,763.0,1919.0,867.0,1344
1,Female,0.7534256,757.0,196.0,852.0,270.0,1345
0,Male,0.65042865,1830.0,765.0,1919.0,868.0,1345
1,Female,0.7550286,757.0,196.0,852.0,270.0,1346
0,Male,0.6662141,1829.0,762.0,1919.0,866.0,1346
1,Female,0.7480733,756.0,196.0,850.0,270.0,1347
0,Male,0.6580416,1829.0,763.0,1919.0,866.0,1347
1,Female,0.74267477,756.0,195.0,851.0,270.0,1348
0,Male,0.65928525,1829.0,764.0,1919.0,866.0,1348
1,Female,0.73221856,755.0,195.0,850.0,269.0,1349
0,Male,0.66565573,1828.0,763.0,1919.0,865.0,1349
1,Female,0.75665885,757.0,196.0,849.0,264.0,1350
0,Male,0.6575475,1828.0,763.0,1919.0,868.0,1350
1,Female,0.7488222,757.0,196.0,848.0,264.0,1351
0,Male,0.66601986,1828.0,763.0,1919.0,869.0,1351
1,Female,0.7602163,757.0,195.0,849.0,264.0,1352
0,Male,0.6827421,1827.0,763.0,1919.0,868.0,1352
1,Female,0.7551526,757.0,195.0,849.0,265.0,1353
0,Male,0.6850084,1828.0,763.0,1919.0,868.0,1353
1,Female,0.75653595,756.0,194.0,849.0,265.0,1354
0,Male,0.6861723,1827.0,763.0,1919.0,868.0,1354
1,Female,0.75484705,756.0,194.0,849.0,265.0,1355
0,Male,0.67780584,1828.0,763.0,1919.0,868.0,1355
1,Female,0.74986523,756.0,194.0,848.0,264.0,1356
0,Male,0.6856965,1829.0,764.0,1919.0,869.0,1356
1,Female,0.73749524,756.0,194.0,848.0,265.0,1357
0,Male,0.6842731,1829.0,764.0,1918.0,869.0,1357
1,Female,0.7344242,756.0,194.0,847.0,265.0,1358
0,Male,0.6780505,1829.0,764.0,1918.0,868.0,1358
1,Female,0.73834294,755.0,194.0,846.0,265.0,1359
0,Male,0.67478275,1829.0,764.0,1919.0,868.0,1359
1,Female,0.7517172,755.0,194.0,846.0,265.0,1360
0,Male,0.6643319,1828.0,763.0,1919.0,867.0,1360
1,Female,0.7238209,754.0,194.0,847.0,266.0,1361
0,Male,0.66038036,1829.0,764.0,1919.0,867.0,1361
1,Female,0.739395,755.0,194.0,848.0,266.0,1362
0,Male,0.66468745,1828.0,763.0,1919.0,866.0,1362
1,Female,0.66523516,754.0,197.0,861.0,267.0,1363
0,Male,0.6597658,1828.0,763.0,1919.0,866.0,1363
0,Male,0.66710705,1828.0,763.0,1919.0,865.0,1364
1,Female,0.66172796,753.0,199.0,859.0,268.0,1365
0,Male,0.6417959,1826.0,762.0,1919.0,867.0,1365
1,Female,0.65938866,753.0,190.0,860.0,267.0,1366
0,Male,0.64534914,1827.0,762.0,1919.0,867.0,1366
1,Female,0.72589916,753.0,197.0,860.0,269.0,1367
0,Male,0.6513963,1828.0,764.0,1919.0,867.0,1367
1,Female,0.7273826,753.0,196.0,860.0,269.0,1368
0,Male,0.66675496,1828.0,763.0,1919.0,867.0,1368
1,Female,0.7321451,753.0,195.0,858.0,269.0,1369
0,Male,0.65002483,1828.0,764.0,1919.0,868.0,1369
1,Female,0.6939694,749.0,196.0,865.0,269.0,1370
0,Male,0.64651775,1827.0,764.0,1919.0,871.0,1370
0,Male,0.6454404,1826.0,764.0,1919.0,870.0,1371
0,Male,0.6458178,1828.0,766.0,1919.0,872.0,1372
0,Male,0.64780295,1827.0,764.0,1919.0,871.0,1373
0,Male,0.6648287,1827.0,764.0,1919.0,869.0,1374
0,Male,0.6579249,1828.0,764.0,1919.0,870.0,1375
0,Male,0.66103965,1827.0,764.0,1919.0,869.0,1376
0,Male,0.65989995,1828.0,765.0,1919.0,870.0,1377
0,Male,0.6566718,1828.0,764.0,1918.0,871.0,1378
0,Male,0.65851957,1828.0,764.0,1919.0,870.0,1379
0,Male,0.60410684,1832.0,764.0,1919.0,872.0,1380
0,Male,0.5691669,1470.0,320.0,1543.0,377.0,1403
0,Male,0.63362503,1471.0,320.0,1542.0,373.0,1404
0,Male,0.678507,1472.0,319.0,1544.0,371.0,1405
0,Male,0.6788,1472.0,319.0,1544.0,370.0,1406
0,Male,0.6739319,1472.0,319.0,1544.0,370.0,1407
0,Male,0.67805845,1472.0,319.0,1544.0,370.0,1408
0,Male,0.6819436,1472.0,319.0,1544.0,370.0,1409
0,Male,0.6794446,1472.0,319.0,1544.0,371.0,1410
0,Male,0.67428446,1473.0,319.0,1545.0,371.0,1411
0,Male,0.6812426,1474.0,318.0,1547.0,370.0,1412
0,Male,0.6536494,1476.0,318.0,1547.0,369.0,1413
1,Female,0.537511,1531.0,135.0,1629.0,209.0,1428
1,Female,0.74656147,1523.0,144.0,1635.0,210.0,1429
1,Female,0.7644549,1520.0,147.0,1635.0,213.0,1430
1,Female,0.7715784,1519.0,147.0,1634.0,214.0,1431
1,Female,0.7838873,1519.0,147.0,1634.0,215.0,1432
1,Female,0.790384,1517.0,147.0,1635.0,215.0,1433
0,Male,0.58677745,717.0,539.0,814.0,635.0,1433
1,Female,0.7957379,1517.0,146.0,1634.0,215.0,1434
0,Male,0.7115384,719.0,539.0,835.0,632.0,1434
1,Female,0.79224837,1518.0,146.0,1635.0,214.0,1435
0,Male,0.7457714,717.0,546.0,835.0,630.0,1435
1,Female,0.7915038,1517.0,146.0,1633.0,215.0,1436
0,Male,0.75659174,714.0,552.0,833.0,631.0,1436
1,Female,0.7980185,1517.0,146.0,1633.0,216.0,1437
0,Male,0.7600244,711.0,554.0,833.0,631.0,1437
1,Female,0.8001093,1517.0,146.0,1633.0,215.0,1438
0,Male,0.7717405,708.0,555.0,831.0,632.0,1438
1,Female,0.8056307,1517.0,146.0,1631.0,216.0,1439
0,Male,0.7724368,707.0,555.0,831.0,632.0,1439
1,Female,0.78975433,1515.0,146.0,1632.0,220.0,1440
0,Male,0.78719646,706.0,556.0,829.0,632.0,1440
0,Male,0.7856942,706.0,556.0,829.0,633.0,1441
0,Male,0.7871455,706.0,555.0,829.0,632.0,1442
0,Male,0.78609663,707.0,555.0,828.0,632.0,1443
1,Female,0.5642728,1461.0,144.0,1610.0,201.0,1443
0,Male,0.79081476,707.0,555.0,828.0,632.0,1444
0,Male,0.7896923,707.0,555.0,829.0,632.0,1445
0,Male,0.7903654,706.0,556.0,828.0,632.0,1446
0,Male,0.79059917,706.0,555.0,828.0,631.0,1447
0,Male,0.790567,707.0,554.0,828.0,632.0,1448
0,Male,0.7988444,707.0,549.0,825.0,631.0,1449
0,Male,0.74218076,710.0,540.0,825.0,628.0,1450
1,Female,0.53851235,733.0,291.0,861.0,391.0,1463
1,Female,0.71058005,722.0,309.0,836.0,393.0,1464
1,Female,0.73909116,719.0,319.0,825.0,392.0,1465
1,Female,0.7352415,721.0,318.0,826.0,392.0,1466
1,Female,0.74267113,725.0,318.0,829.0,392.0,1467
1,Female,0.7446434,727.0,320.0,831.0,391.0,1468
1,Female,0.7604718,729.0,320.0,832.0,390.0,1469
1,Female,0.75651187,731.0,318.0,833.0,389.0,1470
1,Female,0.7537459,730.0,318.0,832.0,389.0,1471
1,Female,0.7552768,729.0,319.0,833.0,390.0,1472
1,Female,0.7613696,727.0,320.0,834.0,391.0,1473
1,Female,0.76718026,727.0,320.0,834.0,391.0,1474
1,Female,0.7713258,727.0,320.0,834.0,391.0,1475
1,Female,0.7675842,728.0,319.0,834.0,391.0,1476
1,Female,0.76980287,729.0,319.0,834.0,390.0,1477
1,Female,0.76701534,730.0,319.0,834.0,391.0,1478
0,Male,0.59235436,1834.0,729.0,1919.0,844.0,1478
1,Female,0.71651936,728.0,324.0,842.0,391.0,1479
0,Male,0.63290834,1836.0,736.0,1920.0,840.0,1479
0,Male,0.6953156,1836.0,741.0,1919.0,842.0,1480
0,Male,0.6750573,1837.0,741.0,1919.0,845.0,1481
1,Female,0.5421488,727.0,320.0,890.0,388.0,1481
0,Male,0.6828144,1839.0,741.0,1920.0,846.0,1482
0,Male,0.689669,1837.0,741.0,1919.0,846.0,1483
0,Male,0.68432915,1837.0,741.0,1919.0,846.0,1484
0,Male,0.6958485,1837.0,742.0,1919.0,847.0,1485
0,Male,0.6946198,1836.0,742.0,1919.0,848.0,1486
0,Male,0.69453824,1837.0,741.0,1919.0,848.0,1487
0,Male,0.5938322,1499.0,367.0,1578.0,420.0,1509
0,Male,0.6598428,1501.0,364.0,1578.0,415.0,1510
0,Male,0.68946,1500.0,363.0,1575.0,414.0,1511
0,Male,0.6897978,1500.0,363.0,1575.0,412.0,1512
0,Male,0.6710545,1500.0,364.0,1574.0,414.0,1513
0,Male,0.6754883,1500.0,364.0,1573.0,414.0,1514
0,Male,0.7004237,1498.0,364.0,1573.0,414.0,1515
0,Male,0.70686966,1498.0,364.0,1573.0,414.0,1516
0,Male,0.7080963,1499.0,364.0,1574.0,413.0,1517
0,Male,0.70835286,1499.0,364.0,1573.0,414.0,1518
0,Male,0.7047566,1499.0,364.0,1574.0,414.0,1519
0,Male,0.70781904,1498.0,364.0,1572.0,414.0,1520
0,Male,0.6911223,1498.0,364.0,1572.0,414.0,1521
0,Male,0.6864331,1498.0,364.0,1572.0,414.0,1522
0,Male,0.68089914,1498.0,363.0,1576.0,414.0,1523
0,Male,0.6840171,1499.0,363.0,1580.0,415.0,1524
0,Male,0.69350296,1498.0,364.0,1584.0,414.0,1525
0,Male,0.69094414,1499.0,365.0,1588.0,415.0,1526
0,Male,0.6878049,1499.0,365.0,1589.0,415.0,1527
0,Male,0.6897405,1500.0,365.0,1589.0,414.0,1528
0,Male,0.6897674,1500.0,365.0,1589.0,415.0,1529
0,Male,0.6939554,1499.0,365.0,1586.0,414.0,1530
0,Male,0.694769,1498.0,364.0,1584.0,414.0,1531
0,Male,0.64362687,1497.0,362.0,1579.0,412.0,1532
1,Female,0.6033041,1515.0,158.0,1646.0,218.0,1539
1,Female,0.7250583,1516.0,157.0,1640.0,217.0,1540
1,Female,0.7307894,1517.0,161.0,1649.0,215.0,1541
1,Female,0.7198114,1523.0,163.0,1653.0,217.0,1542
1,Female,0.72425455,1524.0,161.0,1655.0,217.0,1543
1,Female,0.7213324,1525.0,161.0,1656.0,217.0,1544
1,Female,0.72838205,1524.0,160.0,1657.0,216.0,1545
1,Female,0.72788346,1523.0,160.0,1656.0,216.0,1546
1,Female,0.72077036,1523.0,160.0,1657.0,217.0,1547
1,Female,0.72523034,1522.0,160.0,1657.0,217.0,1548
1,Female,0.727111,1523.0,161.0,1656.0,218.0,1549
1,Female,0.7243022,1522.0,161.0,1655.0,218.0,1550
1,Female,0.723152,1523.0,161.0,1655.0,218.0,1551
1,Female,0.7196869,1523.0,161.0,1655.0,220.0,1552
1,Female,0.70936376,1522.0,161.0,1655.0,220.0,1553
1,Female,0.72625065,1519.0,160.0,1652.0,219.0,1554
0,Male,0.5268689,1774.0,826.0,1916.0,912.0,1554
1,Female,0.73041666,1520.0,159.0,1652.0,222.0,1555
1,Female,0.61501765,1523.0,158.0,1656.0,219.0,1556
0,Male,0.56437075,1794.0,830.0,1918.0,917.0,1556
0,Male,0.5667919,1791.0,827.0,1918.0,914.0,1557
0,Male,0.5971792,1791.0,823.0,1918.0,914.0,1558
0,Male,0.6218659,1793.0,821.0,1918.0,914.0,1559
0,Male,0.62235534,1808.0,802.0,1918.0,912.0,1561
0,Male,0.60566056,1797.0,804.0,1917.0,907.0,1562
0,Male,0.6792372,1392.0,895.0,1555.0,967.0,1572
0,Male,0.71913356,1385.0,888.0,1550.0,965.0,1573
0,Male,0.7150566,1381.0,877.0,1550.0,965.0,1574
0,Male,0.73292583,1378.0,872.0,1547.0,964.0,1575
0,Male,0.7451528,1376.0,871.0,1546.0,966.0,1576
0,Male,0.7421853,1374.0,868.0,1545.0,966.0,1577
0,Male,0.72872484,1374.0,867.0,1544.0,966.0,1578
0,Male,0.7336372,1374.0,865.0,1541.0,965.0,1579
1,Female,0.569147,747.0,245.0,868.0,324.0,1624
1,Female,0.7097902,740.0,247.0,844.0,324.0,1625
1,Female,0.70701736,736.0,249.0,829.0,322.0,1626
1,Female,0.7192065,738.0,253.0,827.0,322.0,1627
1,Female,0.7149215,739.0,252.0,830.0,323.0,1628
1,Female,0.69235116,741.0,249.0,834.0,324.0,1629
1,Female,0.6762456,744.0,249.0,837.0,327.0,1630
1,Female,0.71356785,745.0,250.0,837.0,327.0,1631
1,Female,0.6989613,744.0,247.0,837.0,328.0,1632
1,Female,0.68591535,742.0,247.0,836.0,328.0,1633
1,Female,0.6399132,740.0,247.0,835.0,327.0,1634
1,Female,0.7075596,742.0,252.0,833.0,326.0,1635
1,Female,0.7134059,742.0,253.0,832.0,325.0,1636
1,Female,0.714088,743.0,254.0,833.0,325.0,1637
1,Female,0.7034202,744.0,253.0,833.0,326.0,1638
1,Female,0.67970234,744.0,251.0,835.0,326.0,1639
1,Female,0.70862526,743.0,250.0,835.0,327.0,1640
1,Female,0.6936357,743.0,251.0,835.0,328.0,1641
1,Female,0.686914,742.0,251.0,835.0,328.0,1642
1,Female,0.68747616,743.0,250.0,834.0,326.0,1643
1,Female,0.6836514,743.0,250.0,835.0,326.0,1644
1,Female,0.7038064,743.0,249.0,835.0,326.0,1645
1,Female,0.7003831,744.0,249.0,835.0,326.0,1646
1,Female,0.7171003,745.0,251.0,837.0,327.0,1647
1,Female,0.74327844,746.0,253.0,841.0,328.0,1648
1,Female,0.76196164,744.0,253.0,842.0,328.0,1649
1,Female,0.7586207,743.0,254.0,840.0,328.0,1650
1,Female,0.7639384,742.0,255.0,840.0,329.0,1651
1,Female,0.7721191,743.0,254.0,841.0,329.0,1652
1,Female,0.77093667,743.0,254.0,840.0,329.0,1653
1,Female,0.765345,743.0,253.0,840.0,328.0,1654
1,Female,0.762994,743.0,253.0,840.0,329.0,1655
1,Female,0.7582195,743.0,253.0,840.0,328.0,1656
1,Female,0.7645822,743.0,254.0,839.0,329.0,1657
1,Female,0.75974905,742.0,254.0,839.0,329.0,1658
1,Female,0.7587652,742.0,254.0,840.0,329.0,1659
1,Female,0.7582223,742.0,254.0,839.0,329.0,1660
1,Female,0.75411636,741.0,254.0,838.0,329.0,1661
1,Female,0.75244397,742.0,254.0,839.0,330.0,1662
1,Female,0.75599605,742.0,254.0,839.0,330.0,1663
1,Female,0.7612486,741.0,255.0,839.0,330.0,1664
1,Female,0.7706331,741.0,256.0,840.0,330.0,1665
1,Female,0.7694031,742.0,256.0,840.0,330.0,1666
1,Female,0.76775503,741.0,256.0,839.0,330.0,1667
1,Female,0.7609938,740.0,255.0,840.0,330.0,1668
1,Female,0.76131344,740.0,255.0,840.0,330.0,1669
1,Female,0.7644372,740.0,255.0,839.0,330.0,1670
1,Female,0.7566891,741.0,254.0,840.0,330.0,1671
1,Female,0.76068884,741.0,254.0,840.0,330.0,1672
1,Female,0.75815636,741.0,254.0,840.0,330.0,1673
1,Female,0.7592462,741.0,253.0,839.0,329.0,1674
1,Female,0.75627106,741.0,253.0,840.0,330.0,1675
1,Female,0.75339365,741.0,253.0,840.0,330.0,1676
1,Female,0.75517637,741.0,253.0,840.0,330.0,1677
1,Female,0.7545116,741.0,253.0,840.0,330.0,1678
1,Female,0.75123864,741.0,253.0,841.0,330.0,1679
1,Female,0.74855953,742.0,253.0,840.0,330.0,1680
1,Female,0.75363547,742.0,252.0,840.0,329.0,1681
1,Female,0.74959505,742.0,252.0,841.0,330.0,1682
1,Female,0.74763393,742.0,251.0,840.0,329.0,1683
1,Female,0.7506915,742.0,252.0,841.0,330.0,1684
1,Female,0.7485221,742.0,251.0,841.0,330.0,1685
1,Female,0.7498965,742.0,250.0,841.0,329.0,1686
1,Female,0.7550369,742.0,249.0,841.0,330.0,1687
1,Female,0.764026,742.0,251.0,843.0,331.0,1688
1,Female,0.7683065,743.0,251.0,845.0,331.0,1689
1,Female,0.76672906,743.0,250.0,846.0,331.0,1690
1,Female,0.7693108,743.0,252.0,850.0,331.0,1691
1,Female,0.6846559,740.0,252.0,865.0,329.0,1692
1,Female,0.7451641,1841.0,681.0,1919.0,800.0,1721
1,Female,0.7487076,1845.0,681.0,1919.0,796.0,1722
1,Female,0.74118,1846.0,680.0,1919.0,797.0,1723
1,Female,0.7075914,1850.0,680.0,1919.0,797.0,1724
1,Female,0.6821815,1855.0,680.0,1919.0,796.0,1725
0,Male,0.5370242,1487.0,227.0,1610.0,291.0,1725
1,Female,0.69584817,1854.0,681.0,1919.0,796.0,1726
0,Male,0.5346727,1488.0,235.0,1603.0,294.0,1726
1,Female,0.6826103,1854.0,680.0,1919.0,797.0,1727
0,Male,0.6329876,1489.0,238.0,1596.0,290.0,1727
1,Female,0.66861933,1854.0,680.0,1919.0,797.0,1728
0,Male,0.6351644,1488.0,235.0,1580.0,290.0,1728
1,Female,0.68989676,1853.0,682.0,1919.0,798.0,1729
0,Male,0.6718371,1488.0,232.0,1566.0,291.0,1729
0,Male,0.7018386,1489.0,231.0,1567.0,291.0,1730
1,Female,0.6868597,1851.0,682.0,1919.0,799.0,1730
0,Male,0.7109153,1489.0,231.0,1566.0,290.0,1731
1,Female,0.68632525,1856.0,683.0,1919.0,799.0,1731
0,Male,0.70579726,1489.0,231.0,1567.0,290.0,1732
0,Male,0.6929742,1489.0,231.0,1567.0,289.0,1733
0,Male,0.6960842,1489.0,232.0,1567.0,290.0,1734
0,Male,0.69382966,1489.0,231.0,1567.0,289.0,1735
0,Male,0.689684,1489.0,232.0,1567.0,291.0,1736
0,Male,0.6866883,1490.0,232.0,1568.0,290.0,1737
0,Male,0.6838992,1490.0,232.0,1567.0,290.0,1738
0,Male,0.5569781,1491.0,231.0,1569.0,288.0,1739
1,Female,0.5585248,1544.0,127.0,1648.0,210.0,1753
1,Female,0.6733792,1534.0,129.0,1637.0,200.0,1754
1,Female,0.75664604,1530.0,131.0,1635.0,197.0,1755
1,Female,0.7584935,1529.0,130.0,1633.0,196.0,1756
1,Female,0.75094557,1527.0,128.0,1631.0,196.0,1757
1,Female,0.7606034,1528.0,128.0,1633.0,201.0,1758
0,Male,0.5104622,689.0,472.0,785.0,569.0,1758
1,Female,0.7694227,1528.0,130.0,1634.0,202.0,1759
0,Male,0.64763635,689.0,476.0,804.0,568.0,1759
0,Male,0.76040757,691.0,473.0,815.0,567.0,1760
1,Female,0.7506579,1526.0,130.0,1640.0,202.0,1760
0,Male,0.7686787,692.0,474.0,818.0,566.0,1761
1,Female,0.766119,1526.0,130.0,1642.0,205.0,1761
1,Female,0.77883446,1526.0,130.0,1643.0,204.0,1762
0,Male,0.772493,692.0,476.0,818.0,566.0,1762
0,Male,0.77223307,690.0,477.0,817.0,567.0,1763
1,Female,0.76958156,1526.0,130.0,1643.0,204.0,1763
0,Male,0.77205586,691.0,478.0,817.0,567.0,1764
1,Female,0.77032185,1527.0,130.0,1641.0,204.0,1764
1,Female,0.77685434,1527.0,130.0,1641.0,203.0,1765
0,Male,0.77297246,691.0,478.0,817.0,568.0,1765
0,Male,0.7787029,689.0,478.0,816.0,568.0,1766
1,Female,0.7765792,1527.0,130.0,1640.0,204.0,1766
0,Male,0.7780214,689.0,478.0,816.0,568.0,1767
1,Female,0.7759285,1526.0,130.0,1641.0,204.0,1767
0,Male,0.77691764,689.0,477.0,815.0,568.0,1768
1,Female,0.77432233,1527.0,130.0,1641.0,205.0,1768
0,Male,0.77819085,689.0,477.0,816.0,569.0,1769
1,Female,0.7636745,1527.0,130.0,1642.0,205.0,1769
0,Male,0.7827361,689.0,476.0,816.0,569.0,1770
1,Female,0.7712881,1524.0,130.0,1641.0,202.0,1770
0,Male,0.78133994,688.0,476.0,815.0,570.0,1771
1,Female,0.7728063,1525.0,130.0,1640.0,203.0,1771
0,Male,0.78329045,688.0,476.0,815.0,569.0,1772
1,Female,0.7740569,1525.0,131.0,1641.0,204.0,1772
0,Male,0.77968127,688.0,476.0,815.0,569.0,1773
1,Female,0.77532566,1525.0,131.0,1640.0,204.0,1773
1,Female,0.7781276,1525.0,131.0,1642.0,204.0,1774
0,Male,0.7775476,687.0,476.0,815.0,570.0,1774
1,Female,0.7824018,1522.0,131.0,1641.0,206.0,1775
0,Male,0.7732281,687.0,476.0,815.0,570.0,1775
0,Male,0.7800461,687.0,476.0,815.0,570.0,1776
1,Female,0.7720646,1515.0,131.0,1642.0,209.0,1776
0,Male,0.77921224,687.0,476.0,815.0,570.0,1777
1,Female,0.7128305,1499.0,126.0,1641.0,206.0,1777
0,Male,0.7815511,687.0,477.0,816.0,571.0,1778
1,Female,0.6818263,1484.0,116.0,1617.0,196.0,1778
0,Male,0.7797087,687.0,477.0,815.0,570.0,1779
0,Male,0.7777176,686.0,476.0,815.0,570.0,1780
0,Male,0.77904487,685.0,477.0,815.0,570.0,1781
0,Male,0.7837752,685.0,477.0,815.0,570.0,1782
0,Male,0.7837513,685.0,477.0,815.0,570.0,1783
0,Male,0.78196627,685.0,477.0,814.0,570.0,1784
0,Male,0.7788572,683.0,478.0,813.0,570.0,1785
0,Male,0.77925086,684.0,478.0,814.0,570.0,1786
0,Male,0.76994133,683.0,477.0,812.0,571.0,1787
0,Male,0.7645706,682.0,473.0,810.0,571.0,1788
0,Male,0.7325319,684.0,470.0,803.0,569.0,1789
1,Female,0.6645186,740.0,205.0,865.0,301.0,1801
1,Female,0.50378627,738.0,217.0,860.0,303.0,1802
1,Female,0.67954636,742.0,224.0,853.0,305.0,1803
1,Female,0.6696681,742.0,227.0,854.0,306.0,1804
1,Female,0.68527496,738.0,225.0,851.0,309.0,1805
1,Female,0.67807156,742.0,231.0,852.0,311.0,1806
1,Female,0.6924966,744.0,235.0,851.0,314.0,1807
1,Female,0.71445817,745.0,235.0,853.0,314.0,1808
1,Female,0.7117115,744.0,234.0,852.0,311.0,1809
1,Female,0.7163453,742.0,232.0,852.0,311.0,1810
1,Female,0.73743266,743.0,232.0,851.0,310.0,1811
1,Female,0.7501624,748.0,233.0,851.0,310.0,1812
1,Female,0.74515104,748.0,234.0,852.0,310.0,1813
1,Female,0.7328817,750.0,237.0,855.0,314.0,1814
